2.88819E+01,-6.57227E-01
3.18129E+01, 2.70935E-01
3.47429E+01,-3.47687E-01
3.76719E+01,-6.27136E-01
4.05999E+01,-1.41461E+00
4.35269E+01,-1.86951E+00
4.64529E+01,-1.13666E+00
4.93779E+01,-9.45251E-01
5.23019E+01,-2.12582E+00
5.52249E+01,-3.43643E+00
5.81469E+01,-2.68146E+00
6.10680E+01,-2.93677E+00
6.39880E+01,-3.28073E+00
6.69070E+01, 1.18744E-01
6.98251E+01, 7.26392E+00
7.27421E+01, 1.85502E+01
7.56582E+01, 3.24962E+01
7.85732E+01, 4.91277E+01
8.14873E+01, 7.11735E+01
8.44004E+01, 9.09642E+01
8.73124E+01, 1.02364E+02
9.02235E+01, 1.07672E+02
9.31336E+01, 1.07253E+02
9.60428E+01, 1.02307E+02
9.89509E+01, 9.98665E+01
1.01858E+02, 9.51302E+01
1.04764E+02, 9.36314E+01
1.07669E+02, 9.03031E+01
1.10573E+02, 8.68116E+01
1.13477E+02, 8.11566E+01
1.16379E+02, 7.63379E+01
1.19280E+02, 7.65551E+01
1.22180E+02, 7.22083E+01
1.25080E+02, 6.80971E+01
1.27978E+02, 6.77548E+01
1.30875E+02, 6.51145E+01
1.33771E+02, 5.94096E+01
1.36667E+02, 5.85065E+01
1.39561E+02, 5.53385E+01
1.42454E+02, 5.30055E+01
1.45347E+02, 5.15740E+01
1.48238E+02, 4.48108E+01
1.51128E+02, 4.47490E+01
1.54018E+02, 4.04553E+01
1.56906E+02, 3.88629E+01
1.59794E+02, 3.69384E+01
1.62680E+02, 3.55485E+01
1.65566E+02, 3.13598E+01
1.68450E+02, 3.25388E+01
1.71334E+02, 2.95857E+01
1.74216E+02, 2.68336E+01
1.77098E+02, 2.72492E+01
1.79978E+02, 2.76324E+01
1.82858E+02, 2.41833E+01
1.85737E+02, 2.32018E+01
1.88614E+02, 2.28212E+01
1.91491E+02, 2.25748E+01
1.94367E+02, 2.13293E+01
1.97242E+02, 2.04846E+01
2.00115E+02, 1.66741E+01
2.02988E+02, 1.67643E+01
2.05860E+02, 1.72220E+01
2.08731E+02, 1.71471E+01
2.11601E+02, 1.62730E+01
2.14470E+02, 1.55995E+01
2.17338E+02, 1.57268E+01
2.20205E+02, 1.54881E+01
2.23071E+02, 1.52168E+01
2.25936E+02, 1.25461E+01
2.28800E+02, 1.42427E+01
2.31663E+02, 1.03399E+01
2.34525E+02, 1.32044E+01
2.37386E+02, 1.19362E+01
2.40246E+02, 1.20686E+01
2.43105E+02, 1.10350E+01
2.45964E+02, 1.06352E+01
2.48821E+02, 1.14694E+01
2.51677E+02, 1.06041E+01
2.54533E+02, 1.22727E+01
2.57387E+02, 9.84180E+00
2.60241E+02, 1.08448E+01
2.63093E+02, 8.44830E+00
2.65945E+02, 8.21902E+00
2.68795E+02, 8.89020E+00
2.71645E+02, 9.56192E+00
2.74493E+02, 8.70078E+00
2.77341E+02, 8.24017E+00
2.80188E+02, 9.31335E+00
2.83033E+02, 8.18698E+00
2.85878E+02, 8.06110E+00
2.88722E+02, 7.93567E+00
2.91565E+02, 8.94406E+00
2.94407E+02, 7.68622E+00
2.97248E+02, 8.42880E+00
3.00088E+02, 8.60516E+00
3.02927E+02, 8.84869E+00
3.05765E+02, 7.25925E+00
3.08602E+02, 7.33691E+00
3.11438E+02, 8.18170E+00
3.14273E+02, 6.99350E+00
3.17108E+02, 6.50580E+00
3.19941E+02, 6.68512E+00
3.22773E+02, 5.66486E+00
3.25605E+02, 5.74500E+00
3.28435E+02, 4.05890E+00
3.31265E+02, 3.27316E+00
3.34093E+02, 4.28784E+00
3.36921E+02, 5.36954E+00
3.39747E+02, 5.11832E+00
3.42573E+02, 3.93411E+00
3.45398E+02, 3.28366E+00
3.48222E+02, 3.23355E+00
3.51044E+02, 2.48383E+00
3.53866E+02, 2.56781E+00
3.56687E+02, 1.91885E+00
3.59507E+02, 1.37024E+00
3.62326E+02, 1.77197E+00
3.65144E+02, 2.17404E+00
3.67961E+02, 1.75986E+00
3.70778E+02, 1.84601E+00
3.73593E+02, 1.39920E+00
3.76407E+02, 1.15271E+00
3.79221E+02, 1.23990E+00
3.82033E+02, 1.79413E+00
3.84844E+02, 2.84869E+00
3.87655E+02, 3.00360E+00
3.90465E+02, 3.25885E+00
3.93273E+02, 4.44778E+00
3.96081E+02, 3.07037E+00
3.98888E+02, 3.42664E+00
4.01693E+02, 2.31656E+00
4.04498E+02, 2.90683E+00
4.07302E+02, 3.46408E+00
4.10105E+02, 2.48831E+00
4.12907E+02, 3.07959E+00
4.15708E+02, 2.73785E+00
4.18509E+02, 2.79642E+00
4.21308E+02, 2.42200E+00
4.24106E+02, 1.61456E+00
4.26904E+02, 2.30743E+00
4.29700E+02, 1.90067E+00
4.32496E+02, 1.59421E+00
4.35290E+02, 2.32138E+00
4.38084E+02, 1.64886E+00
4.40876E+02, 2.07672E+00
4.43668E+02, 1.77130E+00
4.46459E+02, 1.23279E+00
4.49249E+02, 4.27917E-01
4.52038E+02, 1.62335E+00
4.54826E+02, 1.11911E+00
4.57613E+02, 6.15173E-01
4.60399E+02, 2.78259E-01
4.63184E+02, 4.74976E-01
4.65969E+02, 1.05316E-01
4.68752E+02, 3.60107E-02
4.71534E+02, 4.66980E-01
4.74316E+02, 6.49414E-02
4.77097E+02, 1.26324E+00
4.79876E+02,-1.37149E+00
4.82655E+02, 2.74048E-02
4.85433E+02,-6.73401E-01
4.88210E+02, 2.61536E-02
4.90986E+02,-4.06799E-02
4.93761E+02, 9.26147E-01
4.96535E+02, 6.93268E-01
4.99308E+02,-4.05945E-01
5.02080E+02,-2.71515E-01
5.04851E+02, 8.29895E-01
5.07622E+02, 1.98273E-01
5.10391E+02, 5.66986E-01
5.13160E+02, 1.56934E+00
5.15927E+02, 5.71991E-01
5.18694E+02,-3.25012E-01
5.21460E+02, 1.74490E+00
5.24225E+02, 5.15167E-01
5.26989E+02, 2.25244E+00
5.29752E+02, 1.69003E+00
5.32514E+02, 1.76123E+00
5.35275E+02, 1.69946E+00
5.38035E+02, 1.93799E+00
5.40795E+02, 2.17682E+00
5.43553E+02, 2.34930E+00
5.46311E+02, 1.92209E+00
5.49067E+02, 8.95233E-01
5.51823E+02, 2.53537E+00
5.54578E+02, 7.42493E-01
5.57331E+02, 2.68323E+00
5.60084E+02, 2.52435E+00
5.62836E+02, 1.79910E+00
5.65587E+02, 2.24084E+00
5.68338E+02, 1.11624E+00
5.71087E+02, 1.25867E+00
5.73835E+02, 9.34723E-01
5.76583E+02, 1.87778E+00
5.79329E+02, 7.21191E-01
5.82075E+02,-1.68396E-01
5.84820E+02, 4.08997E-01
5.87563E+02, 1.22009E+00
5.90306E+02, 9.98169E-01
5.93048E+02, 5.09949E-01
5.95789E+02, 9.22028E-01
5.98530E+02, 8.67828E-01
6.01269E+02, 8.47290E-01
6.04007E+02, 1.27075E-01
6.06745E+02, 5.40619E-01
6.09481E+02, 3.54462E-01
6.12217E+02, 6.35315E-01
6.14951E+02,-5.01099E-02
6.17685E+02, 3.64807E-01
6.20418E+02, 3.80096E-01
6.23150E+02,-2.04254E-01
6.25881E+02, 8.11768E-01
6.28611E+02, 2.61475E-01
6.31341E+02,-9.21753E-01
6.34069E+02,-1.71265E-01
6.36797E+02, 7.12921E-01
6.39523E+02,-9.35883E-01
6.42249E+02, 1.49078E-01
6.44974E+02, 8.01086E-01
6.47698E+02,-4.65393E-02
6.50421E+02,-1.93726E-01
6.53143E+02,-7.41119E-01
6.55864E+02, 2.34009E-01
6.58584E+02,-2.94342E-01
6.61303E+02,-6.59454E-01
6.64022E+02, 4.66858E-01
6.66740E+02,-2.77435E-01
6.69456E+02,-1.95251E-01
6.72172E+02, 1.18713E-02
6.74887E+02, 1.12946E-01
6.77601E+02,-1.38745E+00
6.80314E+02, 7.31201E-01
6.83026E+02, 5.48767E-01
6.85738E+02,-2.66083E-01
6.88448E+02,-4.88464E-01
6.91157E+02, 3.17810E-01
6.93866E+02,-6.51733E-01
6.96574E+02, 1.46942E-01
6.99281E+02,-1.22803E-01
7.01987E+02,-5.92590E-01
7.04692E+02,-4.60602E-01
7.07396E+02, 5.39764E-01
7.10099E+02, 3.75000E-01
7.12802E+02,-1.21582E-01
7.15503E+02, 2.83295E-01
7.18204E+02, 4.89532E-01
7.20903E+02, 9.71375E-02
7.23602E+02, 7.26624E-02
7.26300E+02, 8.16071E-01
7.28997E+02, 4.94019E-01
7.31694E+02, 1.73096E-01
7.34389E+02,-6.13373E-01
7.37083E+02,-6.32141E-01
7.39777E+02, 1.08344E+00
7.42469E+02, 2.66693E-01
7.45161E+02, 9.84253E-01
7.47852E+02, 2.02789E-01
7.50542E+02,-4.44946E-02
7.53231E+02, 1.20911E+00
7.55919E+02, 3.96912E-01
7.58607E+02, 1.18558E+00
7.61293E+02, 1.77502E+00
7.63979E+02, 5.65277E-01
7.66663E+02, 2.32297E+00
7.69347E+02, 1.61475E+00
7.72030E+02, 1.84061E+00
7.74712E+02, 1.67175E-01
7.77393E+02, 5.61096E-01
7.80074E+02, 1.25574E+00
7.82753E+02, 3.67706E-01
7.85432E+02,-5.19653E-01
7.88109E+02,-9.23065E-01
7.90786E+02, 1.07513E-01
7.93462E+02, 6.72058E-01
7.96137E+02, 5.37201E-01
7.98811E+02, 6.36261E-01
8.01484E+02, 7.35931E-01
8.04157E+02, 1.16953E+00
8.06828E+02, 7.03674E-01
8.09499E+02, 2.53836E+00
8.12169E+02, 3.44028E+00
8.14838E+02, 4.67609E+00
8.17506E+02, 4.27905E+00
8.20173E+02, 3.38257E+00
8.22839E+02, 3.85327E+00
8.25505E+02, 3.72449E+00
8.28169E+02, 3.22955E+00
8.30833E+02, 3.66840E+00
8.33496E+02, 4.44110E+00
8.36158E+02, 3.31427E+00
8.38819E+02, 4.02127E+00
8.41479E+02, 4.09540E+00
8.44138E+02, 4.36996E+00
8.46797E+02, 5.77835E+00
8.49454E+02, 6.35382E+00
8.52111E+02, 8.46307E+00
8.54767E+02, 9.20615E+00
8.57422E+02, 8.51627E+00
8.60076E+02, 8.26019E+00
8.62729E+02, 7.60452E+00
8.65382E+02, 7.24930E+00
8.68033E+02, 7.46112E+00
8.70684E+02, 7.10675E+00
8.73334E+02, 7.41940E+00
8.75983E+02, 6.89914E+00
8.78631E+02, 8.11261E+00
8.81278E+02, 5.59317E+00
8.83924E+02, 6.44040E+00
8.86570E+02, 4.38800E+00
8.89215E+02, 3.83600E+00
8.91858E+02, 3.65103E+00
8.94501E+02, 3.58316E+00
8.97143E+02, 3.51566E+00
8.99785E+02, 3.23181E+00
9.02425E+02, 3.21506E+00
9.05064E+02, 3.06534E+00
9.07703E+02, 2.91599E+00
9.10341E+02, 4.13367E+00
9.12978E+02, 4.78510E+00
9.15614E+02, 6.50348E+00
9.18249E+02, 6.65558E+00
9.20883E+02, 7.84137E+00
9.23517E+02, 6.72754E+00
9.26149E+02, 7.44736E+00
9.28781E+02, 7.86755E+00
9.31412E+02, 6.38809E+00
9.34042E+02, 7.50897E+00
9.36672E+02, 7.49686E+00
9.39300E+02, 7.48511E+00
9.41927E+02, 5.44037E+00
9.44554E+02, 5.19595E+00
9.47180E+02, 4.71854E+00
9.49805E+02, 5.47479E+00
9.52429E+02, 4.19806E+00
9.55052E+02, 5.68832E+00
9.57675E+02, 3.37894E+00
9.60296E+02, 4.43649E+00
9.62917E+02, 5.26111E+00
9.65537E+02, 2.65268E+00
9.68156E+02, 3.47794E+00
9.70774E+02, 4.30353E+00
9.73391E+02, 5.16275E+00
9.76008E+02, 4.32230E+00
9.78624E+02, 4.04886E+00
9.81238E+02, 2.87570E+00
9.83852E+02, 2.06955E+00
9.86465E+02, 1.89706E+00
9.89078E+02, 1.19156E+00
9.91689E+02, 2.01971E+00
9.94300E+02, 3.48145E-01
9.96909E+02, 2.74362E+00
9.99518E+02, 3.87271E+00
1.00213E+03, 5.83545E+00
1.00473E+03, 6.59854E+00
1.00734E+03, 6.16190E+00
1.00995E+03, 4.82556E+00
1.01255E+03, 1.88959E+00
1.01515E+03, 2.32056E+00
1.01776E+03, 2.45190E+00
1.02036E+03, 1.88348E+00
1.02296E+03, 3.61542E+00
1.02556E+03, 6.01431E+00
1.02816E+03, 5.11356E+00
1.03076E+03, 6.14639E+00
1.03336E+03, 7.91290E+00
1.03595E+03, 6.41306E+00
1.03855E+03, 6.64688E+00
1.04115E+03, 6.88098E+00
1.04374E+03, 5.11542E+00
1.04633E+03, 4.38348E+00
1.04893E+03, 5.61856E+00
1.05152E+03, 4.12057E+00
1.05411E+03, 3.05624E+00
1.05670E+03, 3.32556E+00
1.05929E+03, 2.92856E+00
1.06188E+03, 2.66519E+00
1.06447E+03, 3.23547E+00
1.06706E+03, 2.63937E+00
1.06964E+03, 2.11029E+00
1.07223E+03, 2.71481E+00
1.07481E+03, 1.51971E+00
1.07740E+03, 2.22488E+00
1.07998E+03, 1.79706E+00
1.08256E+03, 2.23621E+00
1.08514E+03, 2.34238E+00
1.08772E+03, 3.18219E+00
1.09030E+03, 3.48895E+00
1.09288E+03, 2.56274E+00
1.09546E+03, 3.77017E+00
1.09804E+03, 4.61127E+00
1.10061E+03, 3.88602E+00
1.10319E+03, 3.49445E+00
1.10576E+03, 2.60318E+00
1.10834E+03, 3.61227E+00
1.11091E+03, 2.45499E+00
1.11348E+03, 6.64734E-01
1.11605E+03, 1.37482E+00
1.11862E+03, 1.45187E+00
1.12119E+03, 3.62610E-01
1.12376E+03,-5.96313E-02
1.12633E+03, 3.85101E-01
1.12890E+03,-1.23648E+00
1.13147E+03,-6.91010E-01
1.13403E+03,-9.78577E-01
1.13660E+03,-1.19913E+00
1.13916E+03,-7.19299E-01
1.14172E+03,-1.30582E+00
1.14429E+03,-9.14734E-01
1.14685E+03,-1.22647E+00
1.14941E+03,-6.71234E-01
1.15197E+03,-4.32312E-01
1.15453E+03,-1.93054E-01
1.15709E+03,-1.27014E+00
1.15964E+03, 2.53143E-01
1.16220E+03, 1.04343E+00
1.16476E+03, 1.43399E+00
1.16731E+03, 3.02493E+00
1.16986E+03, 1.71619E+00
1.17242E+03, 2.40778E+00
1.17497E+03, 2.59970E+00
1.17752E+03, 2.29193E+00
1.18007E+03, 6.17828E-01
1.18262E+03, 1.87738E+00
1.18517E+03, 2.27057E+00
1.18772E+03, 3.23077E+00
1.19027E+03, 3.19131E+00
1.19282E+03, 4.15213E+00
1.19536E+03, 3.07999E+00
1.19791E+03, 3.40811E+00
1.20045E+03, 4.13657E+00
1.20300E+03, 4.43204E+00
1.20554E+03, 7.36111E+00
1.20808E+03, 7.22388E+00
1.21062E+03, 6.62027E+00
1.21316E+03, 6.11697E+00
1.21570E+03, 5.68066E+00
1.21824E+03, 7.31134E+00
1.22078E+03, 6.54233E+00
1.22332E+03, 7.57364E+00
1.22585E+03, 8.03857E+00
1.22839E+03, 9.03717E+00
1.23092E+03, 1.06361E+01
1.23346E+03, 1.34686E+01
1.23599E+03, 1.30015E+01
1.23852E+03, 1.37680E+01
1.24106E+03, 1.52348E+01
1.24359E+03, 1.55020E+01
1.24612E+03, 1.46027E+01
1.24865E+03, 1.57038E+01
1.25117E+03, 1.66052E+01
1.25370E+03, 1.54070E+01
1.25623E+03, 1.56757E+01
1.25875E+03, 1.48780E+01
1.26128E+03, 1.50807E+01
1.26380E+03, 1.31503E+01
1.26633E+03, 1.33869E+01
1.26885E+03, 1.41906E+01
1.27137E+03, 1.38944E+01
1.27389E+03, 1.41654E+01
1.27641E+03, 1.32366E+01
1.27893E+03, 1.23081E+01
1.28145E+03, 1.19133E+01
1.28397E+03, 1.24855E+01
1.28649E+03, 1.11913E+01
1.28900E+03, 8.63077E+00
1.29152E+03, 9.07059E+00
1.29404E+03, 7.67737E+00
1.29655E+03, 7.75116E+00
1.29906E+03, 7.82526E+00
1.30157E+03, 7.16635E+00
1.30409E+03, 7.40778E+00
1.30660E+03, 8.51620E+00
1.30911E+03, 8.12494E+00
1.31162E+03, 8.16733E+00
1.31413E+03, 8.21008E+00
1.31663E+03, 7.51981E+00
1.31914E+03, 8.22986E+00
1.32165E+03, 8.67361E+00
1.32415E+03, 7.05099E+00
1.32666E+03, 7.89542E+00
1.32916E+03, 7.45685E+00
1.33166E+03, 7.01862E+00
1.33417E+03, 7.23074E+00
1.33667E+03, 7.10983E+00
1.33917E+03, 8.42264E+00
1.34167E+03, 6.70245E+00
1.34417E+03, 6.58261E+00
1.34667E+03, 6.19647E+00
1.34916E+03, 5.34399E+00
1.35166E+03, 5.25854E+00
1.35416E+03, 4.17346E+00
1.35665E+03, 3.28876E+00
1.35914E+03, 3.30441E+00
1.36164E+03, 3.62042E+00
1.36413E+03, 3.00348E+00
1.36662E+03, 3.58649E+00
1.36911E+03, 4.23621E+00
1.37161E+03, 3.45297E+00
1.37409E+03, 5.97012E+00
1.37658E+03, 5.05426E+00
1.37907E+03, 5.37216E+00
1.38156E+03, 5.15714E+00
1.38405E+03, 5.37579E+00
1.38653E+03, 4.39484E+00
1.38902E+03, 4.48099E+00
1.39150E+03, 5.80084E+00
1.39398E+03, 5.78775E+00
1.39647E+03, 3.77512E+00
1.39895E+03, 4.82950E+00
1.40143E+03, 3.95099E+00
1.40391E+03, 5.33957E+00
1.40639E+03, 5.76190E+00
1.40887E+03, 6.15131E+00
1.41135E+03, 4.60782E+00
1.41382E+03, 6.46478E+00
1.41630E+03, 8.25552E+00
1.41878E+03, 8.01337E+00
1.42125E+03, 7.93832E+00
1.42373E+03, 7.26373E+00
1.42620E+03, 9.25629E+00
1.42867E+03, 7.31595E+00
1.43114E+03, 9.04279E+00
1.43361E+03, 1.07034E+01
1.43609E+03, 1.28646E+01
1.43855E+03, 1.42262E+01
1.44102E+03, 1.67550E+01
1.44349E+03, 1.95509E+01
1.44596E+03, 2.06808E+01
1.44843E+03, 2.21444E+01
1.45089E+03, 2.21753E+01
1.45336E+03, 2.27401E+01
1.45582E+03, 2.24387E+01
1.45828E+03, 1.95379E+01
1.46075E+03, 2.10043E+01
1.46321E+03, 1.90713E+01
1.46567E+03, 1.75722E+01
1.46813E+03, 1.47071E+01
1.47059E+03, 1.44759E+01
1.47305E+03, 1.13120E+01
1.47551E+03, 1.05154E+01
1.47796E+03, 8.58606E+00
1.48042E+03, 7.45740E+00
1.48288E+03, 6.42947E+00
1.48533E+03, 3.43552E+00
1.48778E+03, 2.90894E+00
1.49024E+03, 1.61642E+00
1.49269E+03, 1.55798E+00
1.49514E+03, 1.56696E+00
1.49759E+03, 1.27670E+00
1.50004E+03, 1.53931E-01
1.50249E+03, 9.86023E-02
1.50494E+03,-1.22528E-01
1.50739E+03,-4.42810E-01
1.50984E+03,-1.42886E+00
1.51229E+03,-5.14038E-01
1.51473E+03,-1.08447E+00
1.51718E+03,-5.55176E-01
1.51962E+03, 1.73340E-01
1.52206E+03,-3.26843E-02
1.52451E+03, 1.95099E-01
1.52695E+03, 7.23389E-01
1.52939E+03,-1.92169E-01
1.53183E+03,-1.21246E-01
1.53427E+03,-1.78998E+00
1.53671E+03,-1.58356E-01
1.53915E+03, 4.06921E-01
1.54159E+03, 5.82886E-03
1.54402E+03, 2.38342E-01
1.54646E+03, 2.71240E-01
1.54889E+03,-9.55811E-02
1.55133E+03, 7.04559E-01
1.55376E+03, 4.21692E-01
1.55620E+03, 1.39160E-01
1.55863E+03, 1.73584E-01
1.56106E+03, 7.74994E-01
1.56349E+03, 1.24335E+00
1.56592E+03, 1.07874E+00
1.56835E+03, 8.81104E-01
1.57078E+03, 9.83734E-01
1.57321E+03, 2.00806E-02
1.57563E+03, 1.09000E+00
1.57806E+03, 5.60303E-01
1.58049E+03, 8.64197E-01
1.58291E+03, 1.40179E+00
1.58533E+03, 2.47299E+00
1.58776E+03, 2.01120E+00
1.59018E+03, 1.94974E+00
1.59260E+03, 1.92191E+00
1.59502E+03, 2.32773E+00
1.59744E+03, 2.36719E+00
1.59986E+03, 2.40698E+00
1.60228E+03, 4.14713E+00
1.60470E+03, 7.68756E+00
1.60712E+03, 7.19498E+00
1.60953E+03, 6.73611E+00
1.61195E+03, 7.41086E+00
1.61437E+03, 7.31924E+00
1.61678E+03, 7.11136E+00
1.61919E+03, 6.90375E+00
1.62161E+03, 7.34647E+00
1.62402E+03, 9.05621E+00
1.62643E+03, 1.04663E+01
1.62884E+03, 1.15100E+01
1.63125E+03, 1.37874E+01
1.63366E+03, 1.42652E+01
1.63607E+03, 1.43099E+01
1.63848E+03, 1.57550E+01
1.64088E+03, 1.60005E+01
1.64329E+03, 1.63796E+01
1.64570E+03, 1.60591E+01
1.64810E+03, 1.57388E+01
1.65050E+03, 1.92523E+01
1.65291E+03, 1.86662E+01
1.65531E+03, 1.95804E+01
1.65771E+03, 2.11283E+01
1.66011E+03, 2.21432E+01
1.66251E+03, 2.31252E+01
1.66491E+03, 2.25408E+01
1.66731E+03, 2.39568E+01
1.66971E+03, 2.35066E+01
1.67211E+03, 2.30233E+01
1.67450E+03, 2.05405E+01
1.67690E+03, 2.20913E+01
1.67930E+03, 2.12426E+01
1.68169E+03, 1.95608E+01
1.68408E+03, 1.68462E+01
1.68648E+03, 1.67312E+01
1.68887E+03, 1.57828E+01
1.69126E+03, 1.48015E+01
1.69365E+03, 1.29205E+01
1.69604E+03, 1.15067E+01
1.69843E+03, 1.02599E+01
1.70082E+03, 7.08011E+00
1.70321E+03, 7.26743E+00
1.70560E+03, 5.08853E+00
1.70798E+03, 3.57669E+00
1.71037E+03, 2.86523E+00
1.71275E+03, 2.08755E+00
1.71514E+03, 8.76984E-01
1.71752E+03, 9.00146E-01
1.71990E+03, 4.57153E-01
1.72229E+03, 7.14539E-01
1.72467E+03, 1.39038E-01
1.72705E+03,-2.35992E-01
1.72943E+03, 4.22760E-01
1.73181E+03, 9.81964E-01
1.73419E+03, 2.08313E-01
1.73656E+03, 2.68494E-01
1.73894E+03,-3.75366E-02
1.74132E+03,-1.57642E+00
1.74369E+03,-4.14795E-01
1.74607E+03,-2.19330E-01
1.74844E+03, 4.33044E-02
1.75082E+03, 2.39777E-01
1.75319E+03,-6.63208E-01
1.75556E+03, 1.60065E-01
1.75793E+03,-5.87738E-01
1.76030E+03,-5.74707E-01
1.76267E+03, 1.38123E-01
1.76504E+03, 1.84570E-01
1.76741E+03, 5.98083E-01
1.76978E+03, 5.78583E-01
1.77215E+03,-6.40533E-01
1.77451E+03, 1.14069E+00
1.77688E+03, 1.22284E-01
1.77924E+03, 1.03757E+00
1.78161E+03,-1.11343E+00
1.78397E+03, 7.02576E-01
1.78633E+03,-8.10242E-02
1.78869E+03,-1.16428E+00
1.79106E+03, 2.48505E-01
1.79342E+03, 3.60931E-01
1.79578E+03,-2.60986E-01
1.79814E+03,-8.50342E-01
1.80049E+03, 6.59393E-01
1.80285E+03, 2.69470E-01
1.80521E+03,-1.12180E+00
1.80757E+03,-1.91467E-01
1.80992E+03,-9.61426E-01
1.81228E+03, 7.02271E-01
1.81463E+03,-4.00391E-01
1.81698E+03, 1.33060E+00
1.81934E+03,-7.14417E-02
1.82169E+03, 9.35059E-02
1.82404E+03,-4.12292E-02
1.82639E+03, 1.24359E-01
1.82874E+03, 4.90234E-01
1.83109E+03,-7.69043E-02
1.83344E+03, 6.89606E-01
1.83579E+03,-6.43555E-01
1.83813E+03, 1.56891E-01
1.84048E+03, 5.24353E-01
1.84283E+03, 1.25458E-01
1.84517E+03, 5.60181E-01
1.84752E+03,-1.38092E-01
1.84986E+03,-3.36060E-01
1.85220E+03, 3.98071E-01
1.85454E+03, 9.85107E-02
1.85689E+03, 2.32666E-01
1.85923E+03, 3.67096E-01
1.86157E+03, 3.51563E-02
1.86391E+03,-6.31409E-02
1.86624E+03,-1.94427E-01
1.86858E+03,-6.25397E-01
1.87092E+03,-5.06073E-01
1.87326E+03,-3.88062E-01
1.87559E+03, 9.80011E-01
1.87793E+03, 3.48389E-01
1.88026E+03,-5.87738E-01
1.88260E+03,-6.41479E-02
1.88493E+03, 9.93134E-01
1.88726E+03,-1.15936E-01
1.88959E+03,-1.69464E-01
1.89192E+03,-2.24670E-01
1.89425E+03,-2.79572E-01
1.89658E+03,-3.59741E-01
1.89891E+03,-3.40607E-01
1.90124E+03,-2.21100E-01
1.90357E+03,-3.46375E-02
1.90590E+03,-1.14410E-01
1.90822E+03,-9.39026E-02
1.91055E+03,-3.39691E-01
1.91287E+03, 6.81549E-01
1.91520E+03, 1.70313E+00
1.91752E+03, 9.91699E-01
1.91984E+03,-5.86060E-01
1.92216E+03, 4.36554E-01
1.92448E+03,-2.07184E-01
1.92681E+03,-1.11728E+00
1.92913E+03, 3.06335E-01
1.93144E+03,-1.69739E-01
1.93376E+03, 6.87866E-01
1.93608E+03,-1.02090E+00
1.93840E+03, 7.70721E-01
1.94071E+03, 4.29291E-01
1.94303E+03,-5.45166E-01
1.94534E+03, 8.07800E-02
1.94766E+03, 7.40326E-01
1.94997E+03, 1.66840E-01
1.95229E+03, 5.93719E-01
1.95460E+03, 8.75854E-02
1.95691E+03,-1.08493E+00
1.95922E+03, 7.62634E-02
1.96153E+03,-6.22559E-02
1.96384E+03, 1.29953E+00
1.96615E+03,-9.38354E-01
1.96846E+03, 4.57397E-01
1.97076E+03,-3.13202E-01
1.97307E+03, 1.65405E-02
1.97538E+03, 5.13275E-01
1.97768E+03,-7.23053E-01
1.97999E+03, 6.07605E-01
1.98229E+03, 1.71936E-01
1.98460E+03,-2.30103E-01
1.98690E+03,-3.65143E-01
1.98920E+03, 6.33453E-01
1.99150E+03, 1.65680E-01
1.99380E+03, 9.82056E-02
1.99610E+03,-2.35565E-01
1.99840E+03,-9.69055E-01
2.00070E+03, 7.30011E-01
2.00300E+03,-5.04730E-01
2.00530E+03, 4.27521E-01
2.00759E+03,-7.06604E-01
2.00989E+03, 1.39294E+00
2.01218E+03,-7.38831E-02
2.01448E+03, 1.59607E-01
2.01677E+03, 2.67334E-02
2.01906E+03,-1.07635E-01
2.02136E+03,-6.10870E-01
2.02365E+03,-1.53290E-01
2.02594E+03, 2.04620E-01
2.02823E+03,-1.70441E-01
2.03052E+03,-5.11841E-01
2.03281E+03,-1.52954E-01
2.03510E+03, 1.13962E+00
2.03738E+03, 4.32495E-01
2.03967E+03,-9.74304E-01
2.04196E+03,-1.31409E+00
2.04424E+03, 7.46429E-01
2.04653E+03,-5.93872E-02
2.04881E+03, 1.35071E-01
2.05110E+03, 5.63232E-01
2.05338E+03, 8.91724E-01
2.05566E+03, 8.71582E-02
2.05794E+03, 5.15930E-01
2.06023E+03, 8.43414E-01
2.06251E+03, 5.37933E-01
2.06479E+03, 6.66077E-01
2.06706E+03, 4.61182E-01
2.06934E+03,-1.10016E-01
2.07162E+03, 7.52411E-01
2.07390E+03,-8.48389E-02
2.07617E+03,-2.17590E-02
2.07845E+03, 8.41614E-01
2.08072E+03,-2.28027E-01
2.08300E+03, 2.02606E-01
2.08527E+03,-4.66400E-01
2.08754E+03,-1.01746E-01
2.08982E+03, 3.29865E-01
2.09209E+03, 6.28448E-01
2.09436E+03, 2.73438E-02
2.09663E+03,-1.40076E-01
2.09890E+03,-4.05273E-02
2.10117E+03, 7.92603E-01
2.10344E+03, 6.59454E-01
2.10570E+03,-6.06750E-01
2.10797E+03, 7.94006E-01
2.11024E+03, 4.61792E-01
2.11250E+03,-6.70135E-01
2.11477E+03, 6.64917E-01
2.11703E+03,-6.33057E-01
2.11930E+03,-1.30707E-01
2.12156E+03, 7.38647E-01
2.12382E+03,-1.25061E-01
2.12608E+03,-1.55090E-01
2.12834E+03, 3.15155E-01
2.13060E+03, 5.19073E-01
2.13286E+03, 9.23309E-01
2.13512E+03, 9.45129E-02
2.13738E+03,-7.00592E-01
2.13964E+03, 1.37939E-01
2.14190E+03,-6.23444E-01
2.14415E+03,-5.73242E-01
2.14641E+03,-5.29083E-01
2.14866E+03, 2.98767E-01
2.15092E+03,-1.03976E+00
2.15317E+03,-6.44623E-01
2.15542E+03, 6.15997E-01
2.15768E+03,-6.57104E-01
2.15993E+03, 6.03394E-01
2.16218E+03, 7.64221E-01
2.16443E+03, 9.58740E-01
2.16668E+03, 6.86859E-01
2.16893E+03, 1.01532E+00
2.17118E+03,-7.89215E-01
2.17342E+03,-4.60144E-01
2.17567E+03, 6.02631E-01
2.17792E+03, 5.32349E-01
2.18016E+03, 7.95746E-01
2.18241E+03, 3.26080E-01
2.18465E+03, 1.09009E+00
2.18690E+03, 1.21063E-01
2.18914E+03, 1.19049E-01
2.19138E+03,-1.82678E-01
2.19363E+03,-1.74255E-02
2.19587E+03, 2.81494E-01
2.19811E+03, 5.64056E-01
2.20035E+03, 8.46893E-01
2.20259E+03,-1.86584E-01
2.20483E+03,-2.86438E-01
2.20706E+03,-5.85938E-01
2.20930E+03, 4.81567E-02
2.21154E+03, 3.82568E-01
2.21377E+03,-1.60217E-02
2.21601E+03, 9.52393E-01
2.21824E+03, 3.21075E-01
2.22048E+03, 6.56738E-01
2.22271E+03, 1.59393E-01
2.22494E+03,-3.70941E-01
2.22718E+03,-2.34314E-01
2.22941E+03,-3.64044E-01
2.23164E+03,-4.93469E-01
2.23387E+03,-4.89227E-01
2.23610E+03,-4.91974E-01
2.23833E+03,-1.95251E-01
2.24056E+03, 7.68433E-01
2.24278E+03,-7.34222E-01
2.24501E+03,-1.36566E-01
2.24724E+03, 8.61389E-01
2.24946E+03, 5.93018E-01
2.25169E+03,-6.76727E-01
2.25391E+03, 1.15359E+00
2.25614E+03,-4.15710E-01
2.25836E+03,-4.18060E-01
2.26058E+03, 7.46552E-01
2.26280E+03, 7.78198E-01
2.26502E+03,-2.89886E-01
2.26724E+03,-9.57642E-01
2.26946E+03, 4.41559E-01
2.27168E+03,-3.25562E-01
2.27390E+03,-1.12573E+00
2.27612E+03, 4.07776E-01
2.27834E+03, 4.74884E-01
2.28055E+03, 9.09027E-01
2.28277E+03,-8.98743E-02
2.28499E+03,-6.21826E-01
2.28720E+03, 7.58362E-02
2.28942E+03,-2.62146E-02
2.29163E+03, 6.38733E-01
2.29384E+03,-2.29309E-01
2.29605E+03,-5.30426E-01
2.29827E+03, 1.68823E-01
2.30048E+03, 1.64795E-03
2.30269E+03,-2.31812E-01
2.30490E+03, 6.34979E-01
2.30711E+03,-1.76453E+00
2.30931E+03, 4.69574E-01
2.31152E+03, 1.70685E-01
2.31373E+03, 1.07208E+00
2.31594E+03, 1.40442E-01
2.31814E+03,-2.41699E-02
2.32035E+03, 3.11523E-01
2.32255E+03, 9.47510E-01
2.32475E+03,-1.58282E+00
2.32696E+03, 1.12042E+00
2.32916E+03, 6.57379E-01
2.33136E+03, 2.94647E-01
2.33356E+03, 3.32214E-01
2.33577E+03,-6.96564E-01
2.33797E+03, 6.08307E-01
2.34017E+03, 3.44757E-01
2.34236E+03, 5.81390E-01
2.34456E+03,-4.81689E-01
2.34676E+03,-2.11121E-01
2.34896E+03, 5.93140E-01
2.35115E+03, 6.31012E-01
2.35335E+03,-2.64099E-01
2.35554E+03,-6.25580E-01
2.35774E+03, 4.46594E-01
2.35993E+03, 1.01907E+00
2.36213E+03, 5.58563E-01
2.36432E+03,-3.49731E-02
2.36651E+03, 3.84827E-02
2.36870E+03, 6.78925E-01
2.37089E+03,-7.80304E-01
2.37308E+03,-2.72552E-01
2.37527E+03, 4.02222E-01
2.37746E+03,-1.02271E+00
2.37965E+03,-6.53961E-01
2.38184E+03, 1.43402E-01
2.38402E+03, 1.38062E-01
2.38621E+03, 3.94714E-01
2.38840E+03, 3.84308E-01
2.39058E+03,-6.27686E-01
2.39277E+03,-1.42517E-01
2.39495E+03, 1.02264E-01
2.39713E+03,-1.91620E-01
2.39932E+03,-6.22192E-01
2.40150E+03,-2.54120E-01
2.40368E+03,-1.52191E-01
2.40586E+03, 8.35876E-02
2.40804E+03,-4.67529E-02
2.41022E+03, 4.90082E-01
2.41240E+03, 2.74658E-02
2.41458E+03,-6.80237E-02
2.41675E+03, 7.37030E-01
2.41893E+03, 4.09271E-01
2.42111E+03, 8.19397E-02
2.42328E+03, 3.55133E-01
2.42546E+03,-7.12280E-02
2.42763E+03, 6.02875E-01
2.42981E+03, 1.10779E-01
2.43198E+03, 9.52484E-01
2.43415E+03, 3.28003E-01
2.43632E+03,-4.29382E-01
2.43850E+03, 1.80298E-01
2.44067E+03, 1.59045E+00
2.44284E+03, 5.34363E-01
2.44501E+03, 2.45361E-01
2.44718E+03,-9.85718E-03
2.44934E+03, 3.02002E-01
2.45151E+03, 1.54758E+00
2.45368E+03, 1.49356E+00
2.45585E+03, 7.39990E-01
2.45801E+03, 4.86816E-01
2.46018E+03, 2.34009E-01
2.46234E+03, 1.81610E-01
2.46451E+03, 1.29608E-01
2.46667E+03, 9.44672E-01
2.46883E+03, 1.46008E+00
2.47099E+03, 4.25720E-02
2.47316E+03,-7.07886E-01
2.47532E+03,-3.91327E-01
2.47748E+03, 9.25629E-01
2.47964E+03, 4.76257E-01
2.48180E+03,-6.04248E-03
2.48395E+03,-1.88800E+00
2.48611E+03, 9.70764E-02
2.48827E+03,-3.84125E-01
2.49043E+03, 3.34991E-01
2.49258E+03, 5.54443E-01
2.49474E+03,-8.59039E-01
2.49689E+03, 7.61139E-01
2.49905E+03, 7.47681E-01
2.50120E+03,-3.33893E-01
2.50335E+03,-8.84308E-01
2.50551E+03, 5.24963E-01
2.50766E+03,-6.53381E-02
2.50981E+03, 5.11505E-01
2.51196E+03, 1.21887E-01
2.51411E+03,-1.43640E+00
2.51626E+03, 8.72437E-01
2.51841E+03,-3.21075E-01
2.52056E+03,-1.47888E-01
2.52270E+03,-5.74219E-01
2.52485E+03, 9.98840E-02
2.52700E+03,-2.58850E-01
2.52914E+03, 1.24951E+00
2.53129E+03, 1.25000E-01
2.53343E+03, 4.67590E-01
2.53558E+03,-5.60303E-02
2.53772E+03,-2.79236E-01
2.53986E+03, 2.31384E-01
2.54201E+03, 3.75702E-01
2.54415E+03,-1.17990E+00
2.54629E+03,-7.06482E-02
2.54843E+03, 1.00574E+00
2.55057E+03,-3.20007E-01
2.55271E+03, 1.87469E-01
2.55485E+03,-3.71307E-01
2.55698E+03,-8.65204E-01
2.55912E+03, 3.37494E-01
2.56126E+03,-9.28345E-02
2.56339E+03,-1.35599E+00
2.56553E+03, 1.16989E+00
2.56766E+03, 5.60333E-01
2.56980E+03,-6.17676E-01
2.57193E+03, 6.05103E-01
2.57407E+03,-2.37976E-01
2.57620E+03, 1.15201E+00
2.57833E+03,-1.32770E+00
2.58046E+03,-9.43604E-01
2.58259E+03, 8.38684E-01
2.58472E+03, 4.88617E-01
2.58685E+03, 2.06177E-01
2.58898E+03,-5.08667E-01
2.59111E+03,-3.25134E-01
2.59324E+03, 2.27966E-02
2.59536E+03,-5.61615E-01
2.59749E+03, 3.54980E-01
2.59962E+03,-9.41162E-02
2.60174E+03, 9.91028E-01
2.60387E+03,-8.89557E-01
2.60599E+03, 3.25928E-01
2.60812E+03, 1.07486E+00
2.61024E+03,-6.41907E-01
2.61236E+03, 5.42328E-01
2.61448E+03, 1.94183E-01
2.61660E+03, 4.69055E-02
2.61872E+03,-9.99481E-01
2.62084E+03,-3.78357E-01
2.62296E+03, 1.03149E-02
2.62508E+03, 2.33093E-01
2.62720E+03,-9.43329E-01
2.62932E+03,-3.85620E-01
2.63144E+03, 1.33948E+00
2.63355E+03, 8.65326E-01
2.63567E+03, 8.58582E-01
2.63778E+03,-1.11417E+00
2.63990E+03,-2.86194E-01
2.64201E+03,-5.75562E-02
2.64413E+03, 8.05084E-01
2.64624E+03, 4.01703E-01
2.64835E+03, 6.55823E-02
2.65046E+03, 4.30115E-01
2.65257E+03,-2.71393E-01
2.65468E+03, 6.27686E-01
2.65679E+03, 5.27344E-01
2.65890E+03, 3.60931E-01
2.66101E+03,-1.13828E+00
2.66312E+03, 3.29773E-01
2.66523E+03,-4.34998E-01
2.66734E+03, 5.67505E-01
2.66944E+03,-1.62842E-01
2.67155E+03, 1.40686E-01
2.67365E+03,-4.15039E-02
2.67576E+03,-2.23511E-01
2.67786E+03,-8.82263E-02
2.67997E+03, 3.80890E-01
2.68207E+03,-8.27942E-02
2.68417E+03, 8.83942E-01
2.68627E+03,-7.86438E-01
2.68837E+03, 8.04138E-01
2.69048E+03,-1.41113E-01
2.69258E+03, 7.04254E-01
2.69467E+03,-8.20801E-01
2.69677E+03,-1.92426E+00
2.69887E+03,-1.88507E-01
2.70097E+03,-2.57050E-01
2.70307E+03,-3.97919E-01
2.70516E+03,-1.34283E+00
2.70726E+03, 6.16302E-01
2.70935E+03,-6.86646E-01
2.71145E+03, 8.12988E-02
2.71354E+03,-3.13660E-01
2.71564E+03, 5.28137E-01
2.71773E+03, 1.50647E+00
2.71982E+03,-6.78955E-01
2.72192E+03, 7.38312E-01
2.72401E+03, 6.91437E-01
2.72610E+03, 1.11359E+00
2.72819E+03, 1.60461E+00
2.73028E+03, 1.99768E+00
2.73237E+03, 3.92731E-01
2.73445E+03, 2.25632E+00
2.73654E+03, 9.21631E-01
2.73863E+03, 1.18863E+00
2.74072E+03, 1.05722E+00
2.74280E+03,-3.72681E-01
2.74489E+03, 1.59885E+00
2.74697E+03, 8.38440E-01
2.74906E+03, 3.12714E-01
2.75114E+03,-7.78442E-01
2.75323E+03, 1.13165E+00
2.75531E+03, 8.09601E-01
2.75739E+03, 7.22015E-01
2.75947E+03, 5.35522E-01
2.76155E+03, 8.34045E-02
2.76363E+03,-3.00995E-01
2.76571E+03,-3.17719E-01
2.76779E+03, 5.66498E-01
2.76987E+03, 5.51666E-01
2.77195E+03, 8.71063E-01
2.77403E+03, 6.24664E-01
2.77610E+03,-8.20862E-01
2.77818E+03,-1.98883E-01
2.78026E+03, 5.72510E-02
2.78233E+03, 9.14185E-01
2.78441E+03, 1.05194E-01
2.78648E+03, 4.96948E-01
2.78855E+03, 1.56158E-01
2.79063E+03,-1.18396E+00
2.79270E+03,-4.73389E-01
2.79477E+03,-9.76898E-01
2.79684E+03, 5.98999E-01
2.79891E+03,-1.03522E+00
2.80098E+03,-7.42767E-01
2.80305E+03, 1.21002E-01
2.80512E+03,-5.77759E-01
2.80719E+03,-9.39392E-01
2.80926E+03,-3.64227E-01
2.81132E+03,-1.85913E-01
2.81339E+03, 6.53961E-01
2.81546E+03, 9.29108E-01
2.81752E+03, 4.07410E-01
2.81959E+03, 7.55341E-01
2.82165E+03,-2.74048E-02
2.82372E+03, 1.09241E+00
2.82578E+03, 1.41452E+00
2.82784E+03, 2.53891E+00
2.82990E+03, 3.46533E+00
2.83197E+03, 2.66037E+00
2.83403E+03, 4.09061E+00
2.83609E+03, 4.82260E+00
2.83815E+03, 4.55627E+00
2.84021E+03, 4.75818E+00
2.84227E+03, 7.89493E+00
2.84432E+03, 8.13315E+00
2.84638E+03, 1.10394E+01
2.84844E+03, 1.18470E+01
2.85050E+03, 1.46892E+01
2.85255E+03, 1.49993E+01
2.85461E+03, 1.99772E+01
2.85666E+03, 2.42563E+01
2.85872E+03, 2.74365E+01
2.86077E+03, 3.16844E+01
2.86282E+03, 3.44333E+01
2.86488E+03, 4.33499E+01
2.86693E+03, 4.76008E+01
2.86898E+03, 5.31193E+01
2.87103E+03, 6.19387E+01
2.87308E+03, 6.64923E+01
2.87513E+03, 7.18134E+01
2.87718E+03, 7.50354E+01
2.87923E+03, 7.45249E+01
2.88128E+03, 7.55818E+01
2.88332E+03, 7.81062E+01
2.88537E+03, 7.79646E+01
2.88742E+03, 7.60404E+01
2.88946E+03, 7.41170E+01
2.89151E+03, 7.45776E+01
2.89355E+03, 7.45722E+01
2.89560E+03, 7.10009E+01
2.89764E+03, 7.62302E+01
2.89969E+03, 7.65268E+01
2.90173E+03, 8.07240E+01
2.90377E+03, 8.21885E+01
2.90581E+03, 8.60537E+01
2.90785E+03, 9.07528E+01
2.90989E+03, 9.81858E+01
2.91193E+03, 1.04653E+02
2.91397E+03, 1.08753E+02
2.91601E+03, 1.20388E+02
2.91805E+03, 1.31723E+02
2.92009E+03, 1.42659E+02
2.92212E+03, 1.48229E+02
2.92416E+03, 1.57266E+02
2.92620E+03, 1.67136E+02
2.92823E+03, 1.74674E+02
2.93027E+03, 1.85813E+02
2.93230E+03, 1.92652E+02
2.93433E+03, 2.00258E+02
2.93637E+03, 2.05831E+02
2.93840E+03, 2.04471E+02
2.94043E+03, 2.07579E+02
2.94246E+03, 2.04653E+02
2.94449E+03, 1.96895E+02
2.94652E+03, 1.89370E+02
2.94855E+03, 1.85280E+02
2.95058E+03, 1.78556E+02
2.95261E+03, 1.69133E+02
2.95464E+03, 1.62977E+02
2.95667E+03, 1.55154E+02
2.95870E+03, 1.47499E+02
2.96072E+03, 1.45044E+02
2.96275E+03, 1.40657E+02
2.96477E+03, 1.37703E+02
2.96680E+03, 1.34249E+02
2.96882E+03, 1.27496E+02
2.97085E+03, 1.28643E+02
2.97287E+03, 1.27424E+02
2.97489E+03, 1.29339E+02
2.97692E+03, 1.27254E+02
2.97894E+03, 1.25269E+02
2.98096E+03, 1.26385E+02
2.98298E+03, 1.20501E+02
2.98500E+03, 1.20084E+02
2.98702E+03, 1.15568E+02
2.98904E+03, 1.10319E+02
2.99106E+03, 1.04236E+02
2.99307E+03, 9.72210E+01
2.99509E+03, 9.16728E+01
2.99711E+03, 8.41915E+01
2.99912E+03, 7.94773E+01
3.00114E+03, 7.21302E+01
3.00315E+03, 6.85833E+01
3.00517E+03, 6.22701E+01
3.00718E+03, 5.41241E+01
3.00920E+03, 4.99116E+01
3.01121E+03, 4.36328E+01
3.01322E+03, 3.73544E+01
3.01523E+03, 3.42430E+01
3.01725E+03, 2.88986E+01
3.01926E+03, 2.60211E+01
3.02127E+03, 2.50774E+01
3.02328E+03, 2.31674E+01
3.02529E+03, 1.87576E+01
3.02729E+03, 1.75149E+01
3.02930E+03, 1.49724E+01
3.03131E+03, 1.41971E+01
3.03332E+03, 1.45220E+01
3.03532E+03, 1.36805E+01
3.03733E+03, 1.28061E+01
3.03933E+03, 1.44987E+01
3.04134E+03, 1.05583E+01
3.04334E+03, 1.29181E+01
3.04535E+03, 9.77832E+00
3.04735E+03, 1.19055E+01
3.04935E+03, 1.03997E+01
3.05136E+03, 1.30942E+01
3.05336E+03, 1.34223E+01
3.05536E+03, 1.32841E+01
3.05736E+03, 1.41129E+01
3.05936E+03, 1.38420E+01
3.06136E+03, 1.36381E+01
3.06336E+03, 1.36011E+01
3.06536E+03, 1.41312E+01
3.06735E+03, 1.28949E+01
3.06935E+03, 1.23922E+01
3.07135E+03, 1.10898E+01
3.07334E+03, 9.02118E+00
3.07534E+03, 8.61945E+00
3.07733E+03, 7.88470E+00
3.07933E+03, 7.91693E+00
3.08132E+03, 4.14951E+00
3.08332E+03, 3.31567E+00
3.08531E+03, 4.58218E+00
3.08730E+03, 2.91568E+00
3.08929E+03, 4.24951E+00
3.09129E+03, 1.21692E+00
3.09328E+03, 2.91803E+00
3.09527E+03, 2.01944E+00
3.09726E+03, 1.18784E+00
3.09925E+03, 1.23199E-01
3.10124E+03, 2.92206E-01
3.10322E+03, 1.72818E+00
3.10521E+03, 1.83118E+00
3.10720E+03,-7.98859E-01
3.10919E+03, 3.80859E-02
3.11117E+03,-9.24683E-01
3.11316E+03, 5.12909E-01
3.11514E+03, 1.15079E+00
3.11713E+03,-9.77661E-01
3.11911E+03,-3.05817E-01
3.12109E+03, 2.33002E-01
3.12308E+03, 9.72168E-01
3.12506E+03,-2.16675E-02
3.12704E+03,-8.15216E-01
3.12902E+03, 2.91565E-01
3.13100E+03,-6.78711E-01
3.13298E+03,-1.32556E+00
3.13496E+03, 5.03540E-02
3.13694E+03, 4.60052E-01
3.13892E+03,-4.63104E-01
3.14090E+03,-2.85858E-01
3.14288E+03,-1.44153E+00
3.14486E+03, 3.23486E-03
3.14683E+03, 6.81732E-01
3.14881E+03, 1.12735E+00
3.15078E+03,-2.26654E-01
3.15276E+03,-2.13593E-01
3.15473E+03, 1.06656E+00
3.15671E+03, 9.80438E-01
3.15868E+03, 8.28033E-01
3.16065E+03, 1.74274E+00
3.16263E+03, 6.57745E-01
3.16460E+03, 1.33987E+00
3.16657E+03, 4.22333E-01
3.16854E+03, 2.30524E+00
3.17051E+03, 2.85510E+00
3.17248E+03, 1.77206E+00
3.17445E+03, 2.08936E+00
3.17642E+03, 2.50708E+00
3.17839E+03, 1.15845E+00
3.18036E+03, 3.37686E+00
3.18232E+03, 3.39563E+00
3.18429E+03, 4.94809E+00
3.18626E+03, 4.10089E+00
3.18822E+03, 5.32074E+00
3.19019E+03, 5.64093E+00
3.19215E+03, 4.99481E+00
3.19412E+03, 5.78235E+00
3.19608E+03, 4.93689E+00
3.19804E+03, 5.59183E+00
3.20000E+03, 7.04706E+00
3.20197E+03, 5.60266E+00
3.20393E+03, 6.92526E+00
3.20589E+03, 5.94818E+00
3.20785E+03, 8.77142E+00
3.20981E+03, 7.72836E+00
3.21177E+03, 8.05231E+00
3.21373E+03, 8.50989E+00
3.21569E+03, 7.66782E+00
3.21764E+03, 8.92606E+00
3.21960E+03, 8.51797E+00
3.22156E+03, 9.11023E+00
3.22352E+03, 8.16943E+00
3.22547E+03, 9.22900E+00
3.22743E+03, 9.55554E+00
3.22938E+03, 9.31577E+00
3.23134E+03, 9.20959E+00
3.23329E+03, 1.07204E+01
3.23524E+03, 1.22316E+01
3.23720E+03, 9.62640E+00
3.23915E+03, 1.21215E+01
3.24110E+03, 1.12837E+01
3.24305E+03, 1.32127E+01
3.24500E+03, 1.11422E+01
3.24695E+03, 1.34386E+01
3.24890E+03, 1.22019E+01
3.25085E+03, 1.41990E+01
3.25280E+03, 1.49963E+01
3.25475E+03, 1.51273E+01
3.25669E+03, 1.36586E+01
3.25864E+03, 1.52235E+01
3.26059E+03, 1.58221E+01
3.26253E+03, 1.55210E+01
3.26448E+03, 1.61869E+01
3.26643E+03, 1.70198E+01
3.26837E+03, 1.72863E+01
3.27031E+03, 1.62531E+01
3.27226E+03, 1.76202E+01
3.27420E+03, 1.65544E+01
3.27614E+03, 1.75221E+01
3.27809E+03, 1.77235E+01
3.28003E+03, 1.92919E+01
3.28197E+03, 1.88273E+01
3.28391E+03, 1.87963E+01
3.28585E+03, 2.06989E+01
3.28779E+03, 1.81686E+01
3.28973E+03, 2.02386E+01
3.29166E+03, 1.93755E+01
3.29360E+03, 2.17127E+01
3.29554E+03, 2.05170E+01
3.29748E+03, 2.13215E+01
3.29941E+03, 2.10097E+01
3.30135E+03, 2.06983E+01
3.30328E+03, 2.09037E+01
3.30522E+03, 2.06762E+01
3.30715E+03, 2.20824E+01
3.30909E+03, 2.19222E+01
3.31102E+03, 2.23290E+01
3.31295E+03, 2.26695E+01
3.31489E+03, 2.30102E+01
3.31682E+03, 2.41846E+01
3.31875E+03, 2.26261E+01
3.32068E+03, 2.35012E+01
3.32261E+03, 2.30099E+01
3.32454E+03, 2.24523E+01
3.32647E+03, 2.33951E+01
3.32840E+03, 2.17048E+01
3.33033E+03, 2.45481E+01
3.33226E+03, 2.21581E+01
3.33418E+03, 2.27685E+01
3.33611E+03, 2.06792E+01
3.33804E+03, 2.14236E+01
3.33996E+03, 2.20018E+01
3.34189E+03, 2.17968E+01
3.34381E+03, 2.15923E+01
3.34574E+03, 2.12047E+01
3.34766E+03, 2.14175E+01
3.34958E+03, 2.26307E+01
3.35151E+03, 2.23775E+01
3.35343E+03, 1.90580E+01
3.35535E+03, 2.16056E+01
3.35727E+03, 2.01201E+01
3.35919E+03, 1.95017E+01
3.36111E+03, 2.00836E+01
3.36303E+03, 1.66660E+01
3.36495E+03, 1.96820E+01
3.36687E+03, 1.82317E+01
3.36879E+03, 1.76818E+01
3.37071E+03, 1.69990E+01
3.37262E+03, 1.78498E+01
3.37454E+03, 1.67677E+01
3.37646E+03, 1.71860E+01
3.37837E+03, 1.63380E+01
3.38029E+03, 1.52904E+01
3.38220E+03, 1.72765E+01
3.38412E+03, 1.55630E+01
3.38603E+03, 1.55166E+01
3.38794E+03, 1.54706E+01
3.38986E+03, 1.55250E+01
3.39177E+03, 1.71132E+01
3.39368E+03, 1.59684E+01
3.39559E+03, 1.68241E+01
3.39750E+03, 1.40801E+01
3.39941E+03, 1.50034E+01
3.40132E+03, 1.46603E+01
3.40323E+03, 1.56844E+01
3.40514E+03, 1.47422E+01
3.40705E+03, 1.39005E+01
3.40896E+03, 1.40926E+01
3.41087E+03, 1.40185E+01
3.41277E+03, 1.42781E+01
3.41468E+03, 1.36050E+01
3.41658E+03, 1.40989E+01
3.41849E+03, 1.33934E+01
3.42039E+03, 1.38217E+01
3.42230E+03, 1.16505E+01
3.42420E+03, 1.27131E+01
3.42611E+03, 1.24096E+01
3.42801E+03, 1.18400E+01
3.42991E+03, 1.23375E+01
3.43181E+03, 1.19356E+01
3.43372E+03, 1.06342E+01
3.43562E+03, 1.02667E+01
3.43752E+03, 1.08665E+01
3.43942E+03, 1.24668E+01
3.44132E+03, 9.53442E+00
3.44322E+03, 1.10359E+01
3.44511E+03, 1.01714E+01
3.44701E+03, 8.97415E+00
3.44891E+03, 1.03775E+01
3.45081E+03, 9.48157E+00
3.45270E+03, 1.00863E+01
3.45460E+03, 8.69165E+00
3.45649E+03, 8.76437E+00
3.45839E+03, 8.23782E+00
3.46028E+03, 9.31195E+00
3.46218E+03, 7.98685E+00
3.46407E+03, 7.52914E+00
3.46597E+03, 6.93890E+00
3.46786E+03, 7.48279E+00
3.46975E+03, 6.59412E+00
3.47164E+03, 7.23965E+00
3.47353E+03, 7.48605E+00
3.47542E+03, 6.56665E+00
3.47731E+03, 6.11481E+00
3.47920E+03, 5.43057E+00
3.48109E+03, 5.08066E+00
3.48298E+03, 4.59842E+00
3.48487E+03, 6.41718E+00
3.48676E+03, 5.60364E+00
3.48864E+03, 5.62457E+00
3.49053E+03, 5.07999E+00
3.49242E+03, 3.86987E+00
3.49430E+03, 4.42767E+00
3.49619E+03, 4.25342E+00
3.49807E+03, 4.28052E+00
3.49996E+03, 4.37564E+00
3.50184E+03, 3.43887E+00
3.50373E+03, 2.97031E+00
3.50561E+03, 4.00330E+00
3.50749E+03, 3.60464E+00
3.50937E+03, 2.57440E+00
3.51125E+03, 3.41269E+00
3.51314E+03, 4.45294E+00
3.51502E+03, 1.56189E+00
3.51690E+03, 2.73975E+00
3.51878E+03, 1.78665E+00
3.52065E+03, 1.56934E+00
3.52253E+03, 2.82144E+00
3.52441E+03, 1.57648E+00
3.52629E+03, 1.56799E+00
3.52817E+03, 9.29626E-01
3.53004E+03, 1.69501E+00
3.53192E+03, 2.26459E+00
3.53379E+03, 4.72137E-01
3.53567E+03, 2.18231E-01
3.53754E+03, 3.70209E-01
3.53942E+03, 5.62317E-01
3.54129E+03, 1.49561E+00
3.54317E+03,-7.61658E-01
3.54504E+03,-4.07532E-01
3.54691E+03,-2.05688E-01
3.54878E+03, 7.14996E-01
3.55065E+03,-6.71265E-01
3.55253E+03,-3.75000E-01
3.55440E+03,-8.77991E-02
3.55627E+03,-4.54224E-01
3.55814E+03,-3.04565E-02
3.56000E+03, 1.20551E+00
3.56187E+03,-7.14081E-01
3.56374E+03, 9.32983E-01
3.56561E+03, 2.81097E-01
3.56748E+03,-1.05164E-01
3.56934E+03,-2.24731E-01
3.57121E+03, 1.72699E-01
3.57307E+03,-8.00354E-01
3.57494E+03,-2.79663E-01
3.57680E+03,-4.07837E-01
3.57867E+03,-3.35022E-01
3.58053E+03,-1.38086E+00
3.58240E+03,-1.99951E-01
3.58426E+03,-2.39258E-02
3.58612E+03, 5.85358E-01
3.58798E+03, 1.18683E-01
3.58984E+03,-1.27252E+00
3.59170E+03, 4.12781E-01
3.59356E+03, 5.71564E-01
3.59542E+03,-2.36145E-01
3.59728E+03,-1.84143E-01
3.59914E+03, 8.32336E-01
3.60100E+03,-4.21570E-01
3.60286E+03, 7.93304E-01
3.60472E+03, 2.00867E-01
3.60657E+03, 3.13599E-01
3.60843E+03,-5.34424E-01
3.61029E+03,-4.42322E-01
3.61214E+03, 2.00287E-01
3.61400E+03, 1.79688E-01
3.61585E+03,-4.34967E-01
3.61771E+03,-5.09552E-01
3.61956E+03,-4.03748E-02
3.62142E+03,-7.37488E-01
3.62327E+03,-4.96582E-01
3.62512E+03, 4.49493E-01
3.62697E+03, 1.42365E-01
3.62882E+03, 6.00525E-01
3.63067E+03, 4.62158E-01
3.63253E+03, 6.60919E-01
3.63438E+03, 1.30493E-01
3.63623E+03, 3.80249E-02
3.63807E+03,-2.15881E-01
3.63992E+03,-6.10229E-01
3.64177E+03,-5.48615E-01
3.64362E+03,-1.16516E-01
3.64547E+03, 8.63953E-02
3.64731E+03, 2.93915E-01
3.64916E+03,-1.48712E-01
3.65101E+03,-9.36890E-02
3.65285E+03, 1.97845E-01
3.65470E+03, 4.92798E-01
3.65654E+03,-8.48389E-03
3.65838E+03, 7.94983E-02
3.66023E+03,-3.35083E-01
3.66207E+03,-2.47986E-01
3.66391E+03, 4.92249E-01
3.66576E+03,-5.65430E-01
3.66760E+03,-9.54987E-01
3.66944E+03,-3.53668E-01
3.67128E+03,-2.17255E-01
3.67312E+03, 5.21057E-01
3.67496E+03,-6.74530E-01
3.67680E+03, 9.90204E-01
3.67864E+03, 2.23236E-01
3.68048E+03,-4.42078E-01
3.68231E+03, 1.09113E+00
3.68415E+03, 5.29175E-02
3.68599E+03, 6.49475E-01
3.68782E+03,-3.52417E-01
3.68966E+03, 1.13922E-01
3.69150E+03, 1.52283E-02
3.69333E+03,-9.52789E-01
3.69517E+03,-2.59064E-01
3.69700E+03,-8.34656E-01
3.69883E+03,-2.45941E-01
3.70067E+03,-4.59442E-01
3.70250E+03, 5.23987E-01
3.70433E+03,-1.24969E-01
3.70617E+03, 1.59241E-01
3.70800E+03, 1.07318E+00
3.70983E+03, 8.54706E-01
3.71166E+03, 3.71399E-02
3.71349E+03,-1.14670E+00
3.71532E+03, 4.60083E-01
3.71715E+03,-3.99139E-01
3.71898E+03, 3.75183E-01
3.72080E+03,-5.20752E-01
3.72263E+03,-3.84369E-01
3.72446E+03,-1.47675E-01
3.72629E+03,-7.43622E-01
3.72811E+03, 4.94415E-01
3.72994E+03,-3.35693E-02
3.73176E+03, 5.05829E-01
3.73359E+03, 1.26038E-02
3.73541E+03, 3.67737E-02
3.73724E+03, 6.16455E-02
3.73906E+03, 5.37292E-01
3.74088E+03, 3.13690E-01
3.74271E+03,-4.24194E-02
3.74453E+03,-1.64398E-01
3.74635E+03,-3.85559E-01
3.74817E+03, 2.27509E-01
3.74999E+03,-2.25220E-01
3.75181E+03, 5.89630E-01
3.75363E+03, 2.38739E-01
3.75545E+03, 3.55469E-01
3.75727E+03,-3.60138E-01
3.75909E+03,-6.74713E-01
3.76091E+03, 8.11798E-01
3.76273E+03,-3.39355E-02
3.76455E+03, 1.21429E-01
3.76636E+03,-1.21979E-01
3.76818E+03,-4.30847E-01
3.76999E+03, 6.61560E-01
3.77181E+03, 6.88629E-01
3.77362E+03, 1.50421E-01
3.77544E+03,-2.86346E-01
3.77725E+03, 7.84302E-02
3.77907E+03, 4.47693E-02
3.78088E+03, 1.27563E-02
3.78269E+03, 5.81024E-01
3.78451E+03,-4.19312E-01
3.78632E+03, 6.15387E-01
3.78813E+03, 6.85150E-01
3.78994E+03,-2.76581E-01
3.79175E+03, 5.63660E-01
3.79356E+03, 7.72644E-01
3.79537E+03, 1.58383E+00
3.79718E+03, 5.97351E-01
3.79899E+03,-9.53247E-01
3.80080E+03,-5.71991E-01
3.80260E+03,-8.39417E-01
3.80441E+03, 2.47131E-01
3.80622E+03,-5.22888E-01
3.80802E+03,-1.30713E+00
3.80983E+03,-7.57782E-01
