2.88819E+01, 1.55396E-01
3.18129E+01,-7.01599E-01
3.47429E+01,-2.90985E-01
3.76719E+01,-4.18396E-01
4.05999E+01, 1.21552E-01
4.35269E+01,-8.70819E-01
4.64529E+01,-4.95483E-01
4.93779E+01,-3.19153E-01
5.23019E+01,-1.34186E+00
5.52249E+01,-1.96960E-01
5.81469E+01,-1.16092E+00
6.10680E+01,-1.84384E+00
6.39880E+01,-5.37384E-01
6.69070E+01,-9.43909E-01
6.98251E+01,-2.21210E+00
7.27421E+01,-1.43109E+00
7.56582E+01,-3.61389E+00
7.85732E+01, 3.91818E+00
8.14873E+01, 1.54923E+01
8.44004E+01, 2.85129E+01
8.73124E+01, 3.57294E+01
9.02235E+01, 4.09464E+01
9.31336E+01, 4.18733E+01
9.60428E+01, 4.18311E+01
9.89509E+01, 4.39790E+01
1.01858E+02, 4.21122E+01
1.04764E+02, 4.03941E+01
1.07669E+02, 4.18890E+01
1.10573E+02, 4.16282E+01
1.13477E+02, 4.10105E+01
1.16379E+02, 4.15346E+01
1.19280E+02, 3.99329E+01
1.22180E+02, 4.52714E+01
1.25080E+02, 4.53828E+01
1.27978E+02, 4.40331E+01
1.30875E+02, 4.65886E+01
1.33771E+02, 4.68822E+01
1.36667E+02, 4.58468E+01
1.39561E+02, 4.98156E+01
1.42454E+02, 4.82216E+01
1.45347E+02, 4.68313E+01
1.48238E+02, 4.97443E+01
1.51128E+02, 4.75604E+01
1.54018E+02, 4.78130E+01
1.56906E+02, 4.56684E+01
1.59794E+02, 4.61932E+01
1.62680E+02, 4.63206E+01
1.65566E+02, 4.76172E+01
1.68450E+02, 4.50162E+01
1.71334E+02, 4.41174E+01
1.74216E+02, 4.54207E+01
1.77098E+02, 4.48262E+01
1.79978E+02, 4.49669E+01
1.82858E+02, 4.69430E+01
1.85737E+02, 4.54210E+01
1.88614E+02, 4.58340E+01
1.91491E+02, 4.54488E+01
1.94367E+02, 4.58152E+01
1.97242E+02, 4.61833E+01
2.00115E+02, 4.87030E+01
2.02988E+02, 4.86576E+01
2.05860E+02, 4.82469E+01
2.08731E+02, 4.77711E+01
2.11601E+02, 4.90633E+01
2.14470E+02, 5.01235E+01
2.17338E+02, 4.89184E+01
2.20205E+02, 5.29813E+01
2.23071E+02, 5.10787E+01
2.25936E+02, 5.24441E+01
2.28800E+02, 5.41440E+01
2.31663E+02, 5.14117E+01
2.34525E+02, 5.35140E+01
2.37386E+02, 5.05840E+01
2.40246E+02, 5.47885E+01
2.43105E+02, 5.35607E+01
2.45964E+02, 5.45673E+01
2.48821E+02, 5.53083E+01
2.51677E+02, 5.62836E+01
2.54533E+02, 5.56599E+01
2.57387E+02, 5.33038E+01
2.60241E+02, 5.96821E+01
2.63093E+02, 5.59280E+01
2.65945E+02, 5.75081E+01
2.68795E+02, 5.94225E+01
2.71645E+02, 5.63712E+01
2.74493E+02, 6.03540E+01
2.77341E+02, 5.77711E+01
2.80188E+02, 5.71223E+01
2.83033E+02, 5.56076E+01
2.85878E+02, 5.48605E+01
2.88722E+02, 5.36810E+01
2.91565E+02, 5.47021E+01
2.94407E+02, 5.29575E+01
2.97248E+02, 5.45136E+01
3.00088E+02, 5.25039E+01
3.02927E+02, 5.17282E+01
3.05765E+02, 5.29200E+01
3.08602E+02, 5.11791E+01
3.11438E+02, 5.06057E+01
3.14273E+02, 4.94664E+01
3.17108E+02, 4.94277E+01
3.19941E+02, 4.86565E+01
3.22773E+02, 4.88526E+01
3.25605E+02, 4.90494E+01
3.28435E+02, 4.99135E+01
3.31265E+02, 4.91451E+01
3.34093E+02, 5.16439E+01
3.36921E+02, 5.12101E+01
3.39747E+02, 5.09770E+01
3.42573E+02, 5.17112E+01
3.45398E+02, 5.20127E+01
3.48222E+02, 5.06815E+01
3.51044E+02, 5.30843E+01
3.53866E+02, 5.16544E+01
3.56687E+02, 5.39251E+01
3.59507E+02, 5.55965E+01
3.62326E+02, 5.47351E+01
3.65144E+02, 5.35410E+01
3.67961E+02, 5.44142E+01
3.70778E+02, 5.62547E+01
3.73593E+02, 5.72624E+01
3.76407E+02, 5.84041E+01
3.79221E+02, 5.78464E+01
3.82033E+02, 5.87892E+01
3.84844E+02, 5.91993E+01
3.87655E+02, 5.97100E+01
3.90465E+02, 6.02213E+01
3.93273E+02, 6.03664E+01
3.96081E+02, 5.87455E+01
3.98888E+02, 6.15918E+01
4.01693E+02, 6.20053E+01
4.04498E+02, 6.32194E+01
4.07302E+02, 6.09341E+01
4.10105E+02, 6.36826E+01
4.12907E+02, 6.10317E+01
4.15708E+02, 5.69147E+01
4.18509E+02, 5.50316E+01
4.21308E+02, 5.63823E+01
4.24106E+02, 5.60003E+01
4.26904E+02, 5.13521E+01
4.29700E+02, 5.24378E+01
4.32496E+02, 5.15240E+01
4.35290E+02, 4.89108E+01
4.38084E+02, 4.66981E+01
4.40876E+02, 4.55193E+01
4.43668E+02, 4.37743E+01
4.46459E+02, 4.42299E+01
4.49249E+02, 4.42859E+01
4.52038E+02, 4.04426E+01
4.54826E+02, 3.88997E+01
4.57613E+02, 3.68574E+01
4.60399E+02, 3.57155E+01
4.63184E+02, 3.68742E+01
4.65969E+02, 3.40668E+01
4.68752E+02, 3.49265E+01
4.71534E+02, 3.44868E+01
4.74316E+02, 3.31809E+01
4.77097E+02, 3.05755E+01
4.79876E+02, 3.19706E+01
4.82655E+02, 3.15663E+01
4.85433E+02, 3.06291E+01
4.88210E+02, 3.08925E+01
4.90986E+02, 2.94230E+01
4.93761E+02, 2.90873E+01
4.96535E+02, 2.73522E+01
4.99308E+02, 2.73676E+01
5.02080E+02, 2.73835E+01
5.04851E+02, 2.73833E+01
5.07622E+02, 2.71835E+01
5.10391E+02, 2.74509E+01
5.13160E+02, 2.56189E+01
5.15927E+02, 2.79873E+01
5.18694E+02, 2.99896E+01
5.21460E+02, 2.78925E+01
5.24225E+02, 2.67958E+01
5.26989E+02, 2.89663E+01
5.29752E+02, 2.79706E+01
5.32514E+02, 2.80089E+01
5.35275E+02, 2.81142E+01
5.38035E+02, 2.67868E+01
5.40795E+02, 2.78932E+01
5.43553E+02, 2.86335E+01
5.46311E+02, 2.74076E+01
5.49067E+02, 2.58155E+01
5.51823E+02, 2.69240E+01
5.54578E+02, 2.63330E+01
5.57331E+02, 2.65426E+01
5.60084E+02, 2.73526E+01
5.62836E+02, 2.69966E+01
5.65587E+02, 2.70410E+01
5.68338E+02, 2.68859E+01
5.71087E+02, 2.77314E+01
5.73835E+02, 2.91108E+01
5.76583E+02, 2.88907E+01
5.79329E+02, 2.82045E+01
5.82075E+02, 2.87854E+01
5.84820E+02, 2.74336E+01
5.87563E+02, 2.94823E+01
5.90306E+02, 2.98315E+01
5.93048E+02, 3.08480E+01
5.95789E+02, 3.25651E+01
5.98530E+02, 3.17159E+01
6.01269E+02, 3.17007E+01
6.04007E+02, 2.98194E+01
6.06745E+02, 2.97720E+01
6.09481E+02, 3.20251E+01
6.12217E+02, 3.05788E+01
6.14951E+02, 3.10997E+01
6.17685E+02, 3.05212E+01
6.20418E+02, 2.78100E+01
6.23150E+02, 2.96660E+01
6.25881E+02, 2.76559E+01
6.28611E+02, 2.88464E+01
6.31341E+02, 2.69041E+01
6.34069E+02, 2.37291E+01
6.36797E+02, 2.37880E+01
6.39523E+02, 2.24476E+01
6.42249E+02, 2.06410E+01
6.44974E+02, 2.09018E+01
6.47698E+02, 2.01631E+01
6.50421E+02, 1.97918E+01
6.53143E+02, 1.95211E+01
6.55864E+02, 1.87843E+01
6.58584E+02, 1.85482E+01
6.61303E+02, 1.73794E+01
6.64022E+02, 1.81445E+01
6.66740E+02, 1.65770E+01
6.69456E+02, 1.55435E+01
6.72172E+02, 1.70106E+01
6.74887E+02, 1.66451E+01
6.77601E+02, 1.52802E+01
6.80314E+02, 1.58160E+01
6.83026E+02, 1.29525E+01
6.85738E+02, 1.60565E+01
6.88448E+02, 1.51944E+01
6.91157E+02, 1.31997E+01
6.93866E+02, 1.46057E+01
6.96574E+02, 1.32791E+01
6.99281E+02, 1.19200E+01
7.01987E+02, 1.21949E+01
7.04692E+02, 1.13372E+01
7.07396E+02, 1.25803E+01
7.10099E+02, 9.19086E+00
7.12802E+02, 1.22688E+01
7.15503E+02, 1.06476E+01
7.18204E+02, 1.15939E+01
7.20903E+02, 9.00766E+00
7.23602E+02, 8.95560E+00
7.26300E+02, 7.77103E+00
7.28997E+02, 8.72064E+00
7.31694E+02, 7.53781E+00
7.34389E+02, 9.25586E+00
7.37083E+02, 7.20813E+00
7.39777E+02, 5.69467E+00
7.42469E+02, 3.91547E+00
7.45161E+02, 5.47052E+00
7.47852E+02, 4.29324E+00
7.50542E+02, 5.98358E+00
7.53231E+02, 5.20825E+00
7.55919E+02, 5.13394E+00
7.58607E+02, 5.12735E+00
7.61293E+02, 6.02179E+00
7.63979E+02, 5.71732E+00
7.66663E+02, 3.98065E+00
7.69347E+02, 3.81174E+00
7.72030E+02, 2.74399E+00
7.74712E+02, 2.24411E+00
7.77393E+02, 4.54538E+00
7.80074E+02, 3.31461E+00
7.82753E+02, 4.75174E+00
7.85432E+02, 1.55685E+00
7.88109E+02, 1.62994E+00
7.90786E+02, 1.43774E+00
7.93462E+02, 2.44693E+00
7.96137E+02, 2.35757E+00
7.98811E+02, 2.16971E+00
8.01484E+02, 1.66931E-02
8.04157E+02, 2.49860E+00
8.06828E+02, 2.31546E+00
8.09499E+02, 1.10065E+00
8.12169E+02, 2.09351E-02
8.14838E+02,-1.06995E-01
8.17506E+02,-2.33032E-01
8.20173E+02, 3.59528E-01
8.22839E+02, 2.87384E-01
8.25505E+02, 6.84021E-01
8.28169E+02,-5.17181E-01
8.30833E+02, 2.50549E-01
8.33496E+02, 1.12067E+00
8.36158E+02, 1.32660E+00
8.38819E+02,-1.49826E+00
8.41479E+02, 3.46313E-01
8.44138E+02,-4.39575E-01
8.46797E+02,-2.89093E-01
8.49454E+02,-1.83542E+00
8.52111E+02, 1.20239E-02
8.54767E+02, 1.59583E+00
8.57422E+02,-2.50488E-01
8.60076E+02,-4.26788E-01
8.62729E+02, 1.00555E-01
8.65382E+02, 6.50940E-02
8.68033E+02, 2.33734E-01
8.70684E+02, 3.06824E-01
8.73334E+02, 1.45132E+00
8.75983E+02,-1.50174E+00
8.78631E+02, 2.00467E+00
8.81278E+02, 6.49170E-01
8.83924E+02,-1.00113E+00
8.86570E+02, 1.87531E-01
8.89215E+02, 4.90112E-02
8.91858E+02, 4.33502E-01
8.94501E+02, 6.55518E-01
8.97143E+02,-1.71753E+00
8.99785E+02,-9.11591E-01
9.02425E+02, 4.45465E-01
9.05064E+02,-5.93872E-01
9.07703E+02,-5.48035E-01
9.10341E+02,-4.16931E-01
9.12978E+02, 3.68286E-01
9.15614E+02,-1.12018E+00
9.18249E+02, 1.38855E-01
9.20883E+02,-5.37476E-01
9.23517E+02,-3.64838E-01
9.26149E+02, 1.27411E-01
9.28781E+02,-5.80322E-01
9.31412E+02,-6.97632E-02
9.34042E+02,-2.35901E-01
9.36672E+02, 6.60248E-01
9.39300E+02, 2.35901E-02
9.41927E+02,-8.79242E-01
9.44554E+02,-5.48187E-01
9.47180E+02, 9.50012E-01
9.49805E+02, 7.82043E-01
9.52429E+02, 6.14624E-01
9.55052E+02,-3.85620E-01
9.57675E+02,-8.53577E-02
9.60296E+02,-1.51276E-01
9.62917E+02,-1.49994E-01
9.65537E+02, 6.51825E-01
9.68156E+02,-1.07922E+00
9.70774E+02, 1.22357E+00
9.73391E+02, 9.26910E-01
9.76008E+02,-2.35901E-01
9.78624E+02, 8.68408E-01
9.81238E+02,-9.93378E-01
9.83852E+02, 7.12006E-01
9.86465E+02, 2.51221E-01
9.89078E+02,-2.75665E-01
9.91689E+02, 8.97919E-01
9.94300E+02,-2.94617E-01
9.96909E+02, 5.46661E-01
9.99518E+02, 9.88495E-01
1.00213E+03,-1.10251E+00
1.00473E+03, 1.07025E-01
1.00734E+03, 1.61710E+00
1.00995E+03, 9.94049E-01
1.01255E+03,-8.64624E-01
1.01515E+03,-1.12280E+00
1.01776E+03,-4.71497E-02
1.02036E+03, 5.95703E-01
1.02296E+03,-9.30786E-01
1.02556E+03,-1.25519E-01
1.02816E+03, 4.41498E-01
1.03076E+03,-9.28741E-01
1.03336E+03,-1.42761E-01
1.03595E+03, 5.67108E-01
1.03855E+03,-1.24542E-01
1.04115E+03,-2.53906E-01
1.04374E+03,-3.98376E-01
1.04633E+03,-2.11853E-01
1.04893E+03,-3.43018E-02
1.05152E+03,-9.74609E-01
1.05411E+03,-8.16589E-01
1.05670E+03,-6.72394E-01
1.05929E+03, 6.88354E-01
1.06188E+03, 2.05157E+00
1.06447E+03,-1.41614E+00
1.06706E+03,-7.63275E-01
1.06964E+03, 4.55933E-01
1.07223E+03,-2.01965E-01
1.07481E+03,-9.59778E-02
1.07740E+03, 2.80304E-01
1.07998E+03,-1.14005E+00
1.08256E+03, 8.09479E-01
1.08514E+03,-6.71295E-01
1.08772E+03, 1.84143E-01
1.09030E+03, 1.30896E+00
1.09288E+03, 2.34558E-01
1.09546E+03, 1.31085E+00
1.09804E+03,-2.76184E-01
1.10061E+03,-1.62665E+00
1.10319E+03, 1.09259E+00
1.10576E+03, 4.80042E-02
1.10834E+03, 1.06171E-01
1.11091E+03, 3.00232E-01
1.11348E+03, 4.68140E-02
1.11605E+03,-2.08069E-01
1.11862E+03,-2.55524E-01
1.12119E+03,-7.66754E-01
1.12376E+03,-2.25586E-01
1.12633E+03,-3.49335E-01
1.12890E+03,-4.85748E-01
1.13147E+03, 2.07855E-01
1.13403E+03,-9.05884E-01
1.13660E+03,-4.07562E-01
1.13916E+03, 1.29761E+00
1.14172E+03,-2.91046E-01
1.14429E+03, 6.85852E-01
1.14685E+03,-9.75647E-01
1.14941E+03,-2.99988E-01
1.15197E+03,-3.50037E-02
1.15453E+03, 1.49857E+00
1.15709E+03,-9.62952E-01
1.15964E+03, 4.35394E-01
1.16220E+03,-9.27734E-02
1.16476E+03,-8.14514E-02
1.16731E+03, 5.68878E-01
1.16986E+03, 1.02435E+00
1.17242E+03,-1.53809E-02
1.17497E+03, 3.49304E-01
1.17752E+03,-2.48535E-01
1.18007E+03,-1.17587E+00
1.18262E+03,-3.32947E-01
1.18517E+03, 2.80060E-01
1.18772E+03,-2.37091E-01
1.19027E+03,-1.84540E-01
1.19282E+03, 7.04224E-01
1.19536E+03, 7.95715E-01
1.19791E+03, 1.68979E+00
1.20045E+03, 4.86389E-01
1.20300E+03,-1.14685E-01
1.20554E+03, 1.38647E+00
1.20808E+03, 7.23206E-01
1.21062E+03, 1.28662E-01
1.21316E+03, 1.16943E+00
1.21570E+03, 8.12164E-01
1.21824E+03, 2.55676E+00
1.22078E+03, 1.73648E+00
1.22332E+03, 2.01794E+00
1.22585E+03, 2.96774E+00
1.22839E+03, 4.48584E+00
1.23092E+03, 3.23883E+00
1.23346E+03, 6.26004E+00
1.23599E+03, 4.54941E+00
1.23852E+03, 4.37354E+00
1.24106E+03, 4.43240E+00
1.24359E+03, 3.59265E+00
1.24612E+03, 5.58755E+00
1.24865E+03, 4.35040E+00
1.25117E+03, 4.48120E+00
1.25370E+03, 5.17990E+00
1.25623E+03, 5.04648E+00
1.25875E+03, 4.68088E+00
1.26128E+03, 4.46646E+00
1.26380E+03, 4.25314E+00
1.26633E+03, 5.59094E+00
1.26885E+03, 6.69647E+00
1.27137E+03, 5.46976E+00
1.27389E+03, 6.11075E+00
1.27641E+03, 5.61938E+00
1.27893E+03, 7.09570E+00
1.28145E+03, 6.97302E+00
1.28397E+03, 7.65128E+00
1.28649E+03, 7.21384E+00
1.28900E+03, 6.77731E+00
1.29152E+03, 6.35834E+00
1.29404E+03, 8.30698E+00
1.29655E+03, 7.68979E+00
1.29906E+03, 7.07352E+00
1.30157E+03, 6.92474E+00
1.30409E+03, 7.47681E+00
1.30660E+03, 7.02969E+00
1.30911E+03, 9.61676E+00
1.31162E+03, 9.20465E+00
1.31413E+03, 9.56000E+00
1.31663E+03, 9.68277E+00
1.31914E+03, 9.87302E+00
1.32165E+03, 9.26401E+00
1.32415E+03, 1.08557E+01
1.32666E+03, 8.68158E+00
1.32916E+03, 9.17487E+00
1.33166E+03, 1.15688E+01
1.33417E+03, 1.26635E+01
1.33667E+03, 1.04256E+01
1.33917E+03, 1.02550E+01
1.34167E+03, 9.61853E+00
1.34417E+03, 1.06160E+01
1.34667E+03, 1.02475E+01
1.34916E+03, 1.13798E+01
1.35166E+03, 1.09126E+01
1.35416E+03, 1.02128E+01
1.35665E+03, 9.94699E+00
1.35914E+03, 1.09818E+01
1.36164E+03, 8.38400E+00
1.36413E+03, 1.21868E+01
1.36662E+03, 9.92355E+00
1.36911E+03, 9.96094E+00
1.37161E+03, 9.03229E+00
1.37409E+03, 9.87094E+00
1.37658E+03, 1.00102E+01
1.37907E+03, 9.25006E+00
1.38156E+03, 9.19052E+00
1.38405E+03, 8.23160E+00
1.38653E+03, 8.90656E+00
1.38902E+03, 1.03822E+01
1.39150E+03, 8.19168E+00
1.39398E+03, 1.00018E+01
1.39647E+03, 7.57913E+00
1.39895E+03, 5.92371E+00
1.40143E+03, 7.80222E+00
1.40391E+03, 7.88129E+00
1.40639E+03, 6.32758E+00
1.40887E+03, 9.67447E+00
1.41135E+03, 9.45523E+00
1.41382E+03, 7.73654E+00
1.41630E+03, 6.45178E+00
1.41878E+03, 8.33420E+00
1.42125E+03, 8.25049E+00
1.42373E+03, 7.56735E+00
1.42620E+03, 8.55145E+00
1.42867E+03, 8.93607E+00
1.43114E+03, 8.17120E+00
1.43361E+03, 7.40692E+00
1.43609E+03, 6.92651E+00
1.43855E+03, 7.41330E+00
1.44102E+03, 8.50058E+00
1.44349E+03, 8.42175E+00
1.44596E+03, 9.41013E+00
1.44843E+03, 7.93234E+00
1.45089E+03, 7.48843E+00
1.45336E+03, 9.44504E+00
1.45582E+03, 8.70221E+00
1.45828E+03, 8.85983E+00
1.46075E+03, 6.41800E+00
1.46321E+03, 7.21005E+00
1.46567E+03, 1.01359E+01
1.46813E+03, 8.19568E+00
1.47059E+03, 9.22260E+00
1.47305E+03, 1.00500E+01
1.47551E+03, 9.74466E+00
1.47796E+03, 9.77313E+00
1.48042E+03, 9.63547E+00
1.48288E+03, 8.99826E+00
1.48533E+03, 1.03950E+01
1.48778E+03, 1.02921E+01
1.49024E+03, 1.03565E+01
1.49269E+03, 9.28806E+00
1.49514E+03, 1.12534E+01
1.49759E+03, 1.05526E+01
1.50004E+03, 1.15191E+01
1.50249E+03, 1.10526E+01
1.50494E+03, 1.05868E+01
1.50739E+03, 1.28214E+01
1.50984E+03, 1.15898E+01
1.51229E+03, 1.24588E+01
1.51473E+03, 1.21283E+01
1.51718E+03, 1.29983E+01
1.51962E+03, 1.34354E+01
1.52206E+03, 1.46731E+01
1.52451E+03, 1.52447E+01
1.52695E+03, 1.52167E+01
1.52939E+03, 1.36226E+01
1.53183E+03, 1.39957E+01
1.53427E+03, 1.67693E+01
1.53671E+03, 1.69767E+01
1.53915E+03, 1.57513E+01
1.54159E+03, 1.69265E+01
1.54402E+03, 1.51022E+01
1.54646E+03, 1.69117E+01
1.54889E+03, 1.99218E+01
1.55133E+03, 1.86990E+01
1.55376E+03, 1.92101E+01
1.55620E+03, 1.94218E+01
1.55863E+03, 1.91339E+01
1.56106E+03, 1.88633E+01
1.56349E+03, 1.85932E+01
1.56592E+03, 2.15736E+01
1.56835E+03, 2.17545E+01
1.57078E+03, 1.95694E+01
1.57321E+03, 2.05181E+01
1.57563E+03, 2.02674E+01
1.57806E+03, 2.07005E+01
1.58049E+03, 2.11342E+01
1.58291E+03, 2.04851E+01
1.58533E+03, 2.15365E+01
1.58776E+03, 2.12885E+01
1.59018E+03, 1.95734E+01
1.59260E+03, 1.75254E+01
1.59502E+03, 1.92113E+01
1.59744E+03, 1.79644E+01
1.59986E+03, 1.63181E+01
1.60228E+03, 1.63057E+01
1.60470E+03, 1.47272E+01
1.60712E+03, 1.62160E+01
1.60953E+03, 1.39720E+01
1.61195E+03, 1.41952E+01
1.61437E+03, 1.31523E+01
1.61678E+03, 1.33434E+01
1.61919E+03, 1.17018E+01
1.62161E+03, 1.02607E+01
1.62402E+03, 7.25354E+00
1.62643E+03, 8.04703E+00
1.62884E+03, 9.20776E+00
1.63125E+03, 7.86917E+00
1.63366E+03, 7.43112E+00
1.63607E+03, 5.79373E+00
1.63848E+03, 5.25699E+00
1.64088E+03, 4.95416E+00
1.64329E+03, 5.85202E+00
1.64570E+03, 4.91718E+00
1.64810E+03, 2.41632E+00
1.65050E+03, 1.94946E+00
1.65291E+03, 1.71658E+00
1.65531E+03, 2.71771E+00
1.65771E+03, 1.28619E+00
1.66011E+03,-7.79724E-02
1.66251E+03, 1.39188E+00
1.66491E+03, 5.29083E-01
1.66731E+03, 1.26703E+00
1.66971E+03, 2.00565E+00
1.67211E+03, 6.45020E-01
1.67450E+03, 8.51776E-01
1.67690E+03,-2.40723E-01
1.67930E+03,-2.32483E-01
1.68169E+03,-4.01306E-02
1.68408E+03, 1.52954E-01
1.68648E+03, 5.63477E-01
1.68887E+03, 1.10815E+00
1.69126E+03, 4.86969E-01
1.69365E+03, 1.43323E+00
1.69604E+03,-2.86346E-01
1.69843E+03, 2.26157E+00
1.70082E+03,-1.08966E+00
1.70321E+03, 2.93335E-01
1.70560E+03,-4.22852E-01
1.70798E+03,-9.38141E-01
1.71037E+03,-8.58765E-02
1.71275E+03,-1.99933E+00
1.71514E+03, 4.37897E-01
1.71752E+03,-2.94891E-01
1.71990E+03, 1.05347E-01
1.72229E+03,-1.93362E+00
1.72467E+03, 8.77716E-01
1.72705E+03,-6.80511E-01
1.72943E+03, 2.21985E-01
1.73181E+03,-6.12518E-01
1.73419E+03, 9.08630E-01
1.73656E+03, 1.66110E+00
1.73894E+03, 8.46802E-01
1.74132E+03,-8.66974E-01
1.74369E+03,-9.50684E-01
1.74607E+03, 3.63251E-01
1.74844E+03,-2.26440E-02
1.75082E+03, 1.58691E-01
1.75319E+03,-1.29279E+00
1.75556E+03, 1.44623E-01
1.75793E+03, 8.45551E-01
1.76030E+03,-7.52960E-01
1.76267E+03, 9.82544E-01
1.76504E+03,-1.88132E+00
1.76741E+03,-4.90723E-02
1.76978E+03, 7.50458E-01
1.77215E+03, 4.17328E-01
1.77451E+03, 5.18188E-01
1.77688E+03,-8.17627E-01
1.77924E+03, 8.80554E-01
1.78161E+03,-4.24530E-01
1.78397E+03,-1.72913E+00
1.78633E+03, 6.69861E-02
1.78869E+03, 2.97150E-01
1.79106E+03, 1.32800E+00
1.79342E+03, 8.92822E-01
1.79578E+03,-1.41632E-01
1.79814E+03, 6.91223E-01
1.80049E+03,-7.52563E-02
1.80285E+03,-4.74365E-01
1.80521E+03,-1.10693E+00
1.80757E+03,-1.04703E+00
1.80992E+03, 1.24283E+00
1.81228E+03, 2.99744E-01
1.81463E+03,-3.09296E-01
1.81698E+03,-2.84180E-01
1.81934E+03,-4.66461E-01
1.82169E+03,-7.88055E-01
1.82404E+03, 8.45642E-02
1.82639E+03, 2.23450E-01
1.82874E+03, 4.56329E-01
1.83109E+03, 9.48669E-01
1.83344E+03,-1.29111E+00
1.83579E+03, 3.03802E-01
1.83813E+03,-6.66809E-02
1.84048E+03, 1.19745E+00
1.84283E+03,-3.37189E-01
1.84517E+03,-5.37292E-01
1.84752E+03,-7.36206E-01
1.84986E+03,-6.67297E-01
1.85220E+03,-7.63947E-01
1.85454E+03, 9.07196E-01
1.85689E+03, 5.77789E-01
1.85923E+03, 1.17648E+00
1.86157E+03,-1.56952E-01
1.86391E+03, 1.17746E+00
1.86624E+03, 1.11304E+00
1.86858E+03, 8.49762E-01
1.87092E+03,-1.77914E+00
1.87326E+03, 4.93073E-01
1.87559E+03, 7.33002E-01
1.87793E+03,-8.59344E-01
1.88026E+03,-5.17365E-01
1.88260E+03, 5.58960E-01
1.88493E+03,-1.30032E+00
1.88726E+03,-3.66333E-01
1.88959E+03,-2.67639E-01
1.89192E+03,-3.34412E-01
1.89425E+03, 1.32416E-01
1.89658E+03, 2.73132E-02
1.89891E+03, 3.90167E-01
1.90124E+03, 7.87659E-01
1.90357E+03, 1.53015E-01
1.90590E+03,-7.80396E-01
1.90822E+03,-3.79333E-01
1.91055E+03, 4.89563E-01
1.91287E+03,-6.73737E-01
1.91520E+03, 3.97369E-01
1.91752E+03, 8.02948E-01
1.91984E+03, 1.44287E+00
1.92216E+03, 2.83844E-01
1.92448E+03, 1.92474E-01
1.92681E+03, 8.02155E-01
1.92913E+03,-6.20544E-01
1.93144E+03, 8.57727E-01
1.93376E+03,-1.92975E+00
1.93608E+03, 6.17065E-01
1.93840E+03, 6.98120E-01
1.94071E+03, 1.24673E+00
1.94303E+03,-8.70453E-01
1.94534E+03,-6.53381E-01
1.94766E+03,-3.54919E-02
1.94997E+03, 3.83270E-01
1.95229E+03, 8.02826E-01
1.95460E+03, 8.56537E-01
1.95691E+03,-3.22235E-01
1.95922E+03, 1.83310E+00
1.96153E+03, 4.89197E-01
1.96384E+03,-2.05383E-02
1.96615E+03, 4.70459E-01
1.96846E+03, 1.36218E+00
1.97076E+03,-1.74527E+00
1.97307E+03, 7.14630E-01
1.97538E+03,-5.58075E-01
1.97768E+03,-4.96704E-01
1.97999E+03,-4.03717E-01
1.98229E+03,-3.12714E-01
1.98460E+03,-5.87982E-01
1.98690E+03,-1.07095E+00
1.98920E+03,-3.33557E-01
1.99150E+03, 3.92212E-01
1.99380E+03, 1.11636E+00
1.99610E+03,-1.35974E+00
1.99840E+03,-1.04163E+00
2.00070E+03, 1.17804E+00
2.00300E+03,-7.00745E-01
2.00530E+03, 1.55273E-01
2.00759E+03, 1.41275E+00
2.00989E+03, 1.27161E+00
2.01218E+03, 3.31848E-01
2.01448E+03,-4.06586E-01
2.01677E+03,-8.43719E-01
2.01906E+03,-1.29395E-02
2.02136E+03, 3.52448E-01
2.02365E+03, 3.19000E-01
2.02594E+03, 1.02008E+00
2.02823E+03, 1.22314E-01
2.03052E+03, 1.79233E+00
2.03281E+03, 2.96814E-01
2.03510E+03, 8.35693E-01
2.03738E+03, 8.42285E-01
2.03967E+03, 5.16571E-01
2.04196E+03, 3.56598E-01
2.04424E+03, 7.92175E-01
2.04653E+03, 1.22885E+00
2.04881E+03, 6.66656E-01
2.05110E+03, 4.38873E-01
2.05338E+03, 1.45477E-01
2.05566E+03, 9.86420E-01
2.05794E+03, 9.51233E-02
2.06023E+03, 9.04755E-01
2.06251E+03, 3.48724E-01
2.06479E+03, 5.93658E-01
2.06706E+03, 1.10617E+00
2.06934E+03, 1.08633E+00
2.07162E+03, 6.67389E-01
2.07390E+03,-1.18399E+00
2.07617E+03, 5.98846E-01
2.07845E+03,-5.17426E-01
2.08072E+03, 3.00446E-01
2.08300E+03, 1.91956E-02
2.08527E+03, 7.05414E-01
2.08754E+03,-2.74170E-01
2.08982E+03, 1.18036E+00
2.09209E+03, 3.02368E-01
2.09436E+03, 5.85022E-02
2.09663E+03,-1.95126E+00
2.09890E+03,-1.32697E+00
2.10117E+03, 8.98132E-01
2.10344E+03, 1.57318E-01
2.10570E+03,-3.49457E-01
2.10797E+03,-6.88782E-01
2.11024E+03, 2.23920E+00
2.11250E+03, 1.50131E+00
2.11477E+03, 3.97400E-01
2.11703E+03, 2.27570E-01
2.11930E+03,-1.37491E+00
2.12156E+03,-9.79492E-01
2.12382E+03,-3.86292E-01
2.12608E+03,-1.62720E-01
2.12834E+03, 6.28296E-01
2.13060E+03,-1.14664E+00
2.13286E+03,-1.15414E+00
2.13512E+03, 3.05786E-01
2.13738E+03, 8.99780E-01
2.13964E+03, 1.42780E+00
2.14190E+03, 1.48987E+00
2.14415E+03,-3.13995E-01
2.14641E+03,-8.83881E-01
2.14866E+03,-4.53033E-01
2.15092E+03, 3.45154E-01
2.15317E+03, 5.77362E-01
2.15542E+03,-1.23108E-01
2.15768E+03,-2.89551E-01
2.15993E+03,-7.55402E-01
2.16218E+03, 2.31281E+00
2.16443E+03, 5.14954E-01
2.16668E+03, 4.84406E-01
2.16893E+03, 4.21204E-01
2.17118E+03, 2.58545E-01
2.17342E+03, 1.29913E-01
2.17567E+03, 8.98285E-01
2.17792E+03, 3.67096E-01
2.18016E+03, 3.69873E-01
2.18241E+03,-4.26666E-01
2.18465E+03,-3.55957E-01
2.18690E+03,-3.51257E-01
2.18914E+03,-3.45947E-01
2.19138E+03,-2.06696E-01
2.19363E+03, 8.66486E-01
2.19587E+03,-2.05972E+00
2.19811E+03,-2.26837E-01
2.20035E+03, 1.73370E-01
2.20259E+03, 1.44089E+00
2.20483E+03,-7.90924E-01
2.20706E+03, 7.11212E-01
2.20930E+03,-7.86011E-01
2.21154E+03, 2.50793E-01
2.21377E+03, 5.48096E-02
2.21601E+03, 2.26196E-01
2.21824E+03,-2.01843E-01
2.22048E+03,-6.29242E-01
2.22271E+03, 1.34393E+00
2.22494E+03, 4.51080E-01
2.22718E+03, 9.21326E-02
2.22941E+03, 1.30048E+00
2.23164E+03, 1.47604E+00
2.23387E+03,-1.78110E+00
2.23610E+03,-8.04321E-01
2.23833E+03, 1.06354E-01
2.24056E+03, 2.84271E-01
2.24278E+03,-1.00388E+00
2.24501E+03, 8.51440E-03
2.24724E+03, 8.88153E-01
2.24946E+03,-3.99506E-01
2.25169E+03, 8.10608E-01
2.25391E+03, 3.21259E-01
2.25614E+03,-1.10080E+00
2.25836E+03,-2.34070E-01
2.26058E+03,-7.03918E-01
2.26280E+03,-4.56146E-01
2.26502E+03,-8.56049E-01
2.26724E+03, 1.64142E+00
2.26946E+03, 1.06781E-01
2.27168E+03,-2.66418E-02
2.27390E+03, 7.75146E-03
2.27612E+03,-1.42480E+00
2.27834E+03, 6.71417E-01
2.28055E+03,-9.78088E-02
2.28277E+03,-4.35181E-01
2.28499E+03,-2.87048E-01
2.28720E+03, 9.60999E-02
2.28942E+03, 8.80859E-01
2.29163E+03, 8.33862E-01
2.29384E+03,-1.74493E+00
2.29605E+03, 1.41107E+00
2.29827E+03, 1.90189E+00
2.30048E+03,-6.05927E-01
2.30269E+03,-6.45691E-01
2.30490E+03,-1.38409E+00
2.30711E+03,-2.12708E-02
2.30931E+03, 9.55200E-03
2.31152E+03,-6.25092E-01
2.31373E+03,-7.91840E-01
2.31594E+03, 9.42566E-01
2.31814E+03, 2.67810E+00
2.32035E+03,-1.05185E+00
2.32255E+03, 7.85950E-01
2.32475E+03, 1.12482E+00
2.32696E+03,-7.35260E-01
2.32916E+03, 1.50571E+00
2.33136E+03,-2.19940E-01
2.33356E+03, 5.48981E-01
2.33577E+03,-2.81006E-01
2.33797E+03, 8.90137E-01
2.34017E+03, 1.29565E+00
2.34236E+03, 1.68945E-01
2.34456E+03, 1.43250E-01
2.34676E+03,-1.48102E-01
2.34896E+03,-4.38446E-01
2.35115E+03,-7.27814E-01
2.35335E+03, 4.50439E-01
2.35554E+03, 5.96344E-01
2.35774E+03, 1.07648E+00
2.35993E+03,-2.44247E+00
2.36213E+03,-7.27173E-01
2.36432E+03, 1.25565E+00
2.36651E+03, 7.26929E-02
2.36870E+03, 1.42392E+00
2.37089E+03,-6.90674E-01
2.37308E+03, 2.89001E-02
2.37527E+03, 1.54929E+00
2.37746E+03, 8.70514E-01
2.37965E+03,-1.64084E+00
2.38184E+03, 3.42133E-01
2.38402E+03,-9.13696E-01
2.38621E+03, 1.93939E-01
2.38840E+03,-1.29941E+00
2.39058E+03,-8.10852E-02
2.39277E+03,-7.11060E-03
2.39495E+03,-1.10818E+00
2.39713E+03, 8.93005E-01
2.39932E+03,-4.10889E-01
2.40150E+03, 8.80615E-01
2.40368E+03,-5.86548E-02
2.40586E+03,-1.29810E+00
2.40804E+03,-7.18414E-01
2.41022E+03,-1.68884E-01
2.41240E+03,-5.16357E-01
2.41458E+03, 7.72400E-01
2.41675E+03, 1.66391E+00
2.41893E+03,-1.70868E+00
2.42111E+03, 7.21252E-01
2.42328E+03, 1.62018E+00
2.42546E+03, 1.22134E+00
2.42763E+03, 1.02472E+00
2.42981E+03,-7.36481E-01
2.43198E+03, 1.37097E+00
2.43415E+03,-1.29773E+00
2.43632E+03,-3.32123E-01
2.43850E+03, 2.38037E-03
2.44067E+03,-5.94238E-01
2.44284E+03,-9.55444E-01
2.44501E+03, 1.51868E+00
2.44718E+03, 5.94727E-01
2.44934E+03, 2.57263E+00
2.45151E+03, 2.52380E-01
2.45368E+03, 1.36716E+00
2.45585E+03, 3.16956E-01
2.45801E+03,-6.31622E-01
2.46018E+03, 1.21399E-01
2.46234E+03,-6.90735E-01
2.46451E+03,-4.01367E-01
2.46667E+03, 5.60913E-02
2.46883E+03,-8.51685E-01
2.47099E+03, 1.17523E+00
2.47316E+03,-2.19656E+00
2.47532E+03,-3.43536E-01
2.47748E+03, 9.09576E-01
2.47964E+03, 1.05597E+00
2.48180E+03,-1.19589E+00
2.48395E+03,-7.65045E-01
2.48611E+03, 8.82263E-02
2.48827E+03, 1.02753E+00
2.49043E+03,-3.62885E-01
2.49258E+03, 2.16797E-01
2.49474E+03,-6.20117E-01
2.49689E+03, 1.77917E-01
2.49905E+03, 7.13379E-01
2.50120E+03,-2.55490E+00
2.50335E+03, 3.23090E-01
2.50551E+03,-1.93268E-01
2.50766E+03,-4.42505E-03
2.50981E+03, 6.89178E-01
2.51196E+03, 3.87177E-01
2.51411E+03, 9.55994E-01
2.51626E+03, 7.61963E-01
2.51841E+03,-6.61743E-01
2.52056E+03,-2.48749E-01
2.52270E+03, 1.53409E+00
2.52485E+03,-1.71683E+00
2.52700E+03,-3.48022E-01
2.52914E+03, 1.39130E+00
2.53129E+03, 4.34265E-01
2.53343E+03,-1.21942E+00
2.53558E+03, 6.96777E-01
2.53772E+03, 2.09888E+00
2.53986E+03,-2.40311E+00
2.54201E+03,-2.68982E-01
2.54415E+03,-4.57642E-01
2.54629E+03,-7.07336E-01
2.54843E+03,-7.12463E-01
2.55057E+03,-7.34436E-01
2.55271E+03,-1.33524E+00
2.55485E+03, 6.79993E-01
2.55698E+03, 3.34442E-01
2.55912E+03, 4.59625E-01
2.56126E+03, 2.41547E-01
2.56339E+03,-6.30249E-01
2.56553E+03, 2.42340E-01
2.56766E+03,-7.54089E-02
2.56980E+03, 8.48694E-01
2.57193E+03,-1.56067E-01
2.57407E+03, 5.68024E-01
2.57620E+03, 1.13303E+00
2.57833E+03,-1.22845E+00
2.58046E+03, 5.49530E-01
2.58259E+03, 2.23318E+00
2.58472E+03, 1.55334E-01
2.58685E+03, 1.64893E+00
2.58898E+03,-2.86377E-01
2.59111E+03, 1.98242E+00
2.59324E+03,-2.24493E+00
2.59536E+03,-3.35297E-01
2.59749E+03, 1.91104E+00
2.59962E+03,-7.39471E-01
2.60174E+03,-2.86896E-01
2.60387E+03,-1.06479E+00
2.60599E+03, 5.93353E-01
2.60812E+03, 9.20776E-01
2.61024E+03, 5.06592E-02
2.61236E+03, 4.16260E-01
2.61448E+03, 1.45081E+00
2.61660E+03, 5.41382E-02
2.61872E+03, 5.26276E-01
2.62084E+03,-8.99597E-01
2.62296E+03,-1.05685E+00
2.62508E+03, 1.85440E+00
2.62720E+03, 1.33411E+00
2.62932E+03,-1.17767E-01
2.63144E+03,-1.43460E+00
2.63355E+03,-2.53143E-01
2.63567E+03,-2.04501E+00
2.63778E+03, 1.80908E-01
2.63990E+03,-5.83496E-02
2.64201E+03,-6.43402E-01
2.64413E+03,-5.04578E-01
2.64624E+03, 1.22235E+00
2.64835E+03, 2.03552E-02
2.65046E+03,-1.65567E+00
2.65257E+03, 1.09238E+00
2.65468E+03, 3.76038E-01
2.65679E+03, 8.64868E-01
2.65890E+03,-2.41547E-01
2.66101E+03,-9.13849E-01
2.66312E+03, 4.74976E-01
2.66523E+03,-1.49811E+00
2.66734E+03, 5.99915E-01
2.66944E+03,-6.46057E-02
2.67155E+03, 1.04138E+00
2.67365E+03, 5.17670E-01
2.67576E+03, 7.63977E-01
2.67786E+03, 4.77539E-01
2.67997E+03, 3.50189E-01
2.68207E+03, 2.26471E-01
2.68417E+03, 2.39441E-01
2.68627E+03,-2.61017E-01
2.68837E+03,-7.58453E-01
2.69048E+03,-9.03015E-01
2.69258E+03,-2.78198E-01
2.69467E+03, 1.31592E+00
2.69677E+03, 6.12457E-01
2.69887E+03, 2.66846E-01
2.70097E+03,-8.05969E-02
2.70307E+03,-9.18274E-02
2.70516E+03,-5.69275E-01
2.70726E+03,-7.96631E-01
2.70935E+03,-2.16553E-01
2.71145E+03, 3.55621E-01
2.71354E+03,-1.05081E+00
2.71564E+03,-6.85730E-01
2.71773E+03,-8.54065E-01
2.71982E+03, 3.84430E-01
2.72192E+03, 1.10376E+00
2.72401E+03,-7.56989E-01
2.72610E+03, 2.58575E-01
2.72819E+03, 1.49353E-01
2.73028E+03, 9.02710E-02
2.73237E+03,-7.76489E-01
2.73445E+03, 4.72107E-01
2.73654E+03, 6.66931E-01
2.73863E+03, 6.22559E-03
2.74072E+03,-2.44873E-01
2.74280E+03,-1.54114E-01
2.74489E+03,-5.57861E-02
2.74697E+03,-4.17236E-01
2.74906E+03, 6.07300E-02
2.75114E+03,-1.22314E-01
2.75323E+03, 5.66528E-01
2.75531E+03,-7.73193E-01
2.75739E+03, 1.95813E+00
2.75947E+03, 9.26941E-01
2.76155E+03, 2.53296E+00
2.76363E+03, 2.57587E+00
2.76571E+03, 1.78888E+00
2.76779E+03,-1.28296E-01
2.76987E+03, 6.24329E-01
2.77195E+03,-9.86938E-01
2.77403E+03,-1.95435E-01
2.77610E+03, 2.31934E-01
2.77818E+03, 8.28491E-01
2.78026E+03,-7.25098E-02
2.78233E+03, 1.76202E+00
2.78441E+03,-1.70422E+00
2.78648E+03, 3.20618E-01
2.78855E+03, 1.01471E+00
2.79063E+03, 2.44458E+00
2.79270E+03,-5.65186E-02
2.79477E+03,-1.45532E+00
2.79684E+03,-7.18567E-01
2.79891E+03, 6.20178E-01
2.80098E+03,-2.20569E+00
2.80305E+03,-4.41101E-01
2.80512E+03,-4.42200E-01
2.80719E+03,-1.62000E+00
2.80926E+03, 2.56879E+00
2.81132E+03, 3.93616E-01
2.81339E+03, 3.11707E-01
2.81546E+03, 8.80127E-02
2.81752E+03,-1.13239E+00
2.81959E+03, 3.50525E-01
2.82165E+03, 1.82446E+00
2.82372E+03,-2.06726E-01
2.82578E+03, 6.65955E-01
2.82784E+03,-6.67480E-01
2.82990E+03,-1.01715E+00
2.83197E+03,-1.36169E+00
2.83403E+03,-4.07593E-01
2.83609E+03,-1.00922E+00
2.83815E+03,-1.04065E-01
2.84021E+03, 9.73938E-01
2.84227E+03, 1.12427E+00
2.84432E+03,-7.62878E-01
2.84638E+03, 5.52673E-01
2.84844E+03,-8.56567E-01
2.85050E+03, 7.41760E-01
2.85255E+03,-8.09326E-01
2.85461E+03, 1.44812E+00
2.85666E+03, 1.31226E-02
2.85872E+03,-6.90918E-02
2.86077E+03, 2.16675E-02
2.86282E+03, 1.74438E-01
2.86488E+03,-1.47668E+00
2.86693E+03, 5.80750E-01
2.86898E+03,-1.82648E+00
2.87103E+03,-7.87231E-01
2.87308E+03, 1.09509E+00
2.87513E+03, 1.21912E+00
2.87718E+03, 2.01746E+00
2.87923E+03,-4.10706E-01
2.88128E+03,-2.65991E-01
2.88332E+03, 1.32813E-01
2.88537E+03,-2.84265E+00
2.88742E+03, 1.14813E+00
2.88946E+03, 8.25500E-01
2.89151E+03, 1.07727E-01
2.89355E+03, 2.31812E-01
2.89560E+03, 9.96826E-01
2.89764E+03,-1.19800E+00
2.89969E+03, 6.46667E-01
2.90173E+03,-7.27417E-01
2.90377E+03,-3.95752E-01
2.90581E+03,-9.90601E-01
2.90785E+03,-2.01257E+00
2.90989E+03, 1.97107E+00
2.91193E+03, 1.09320E+00
2.91397E+03,-9.46472E-01
2.91601E+03, 4.11823E+00
2.91805E+03,-1.87970E+00
2.92009E+03, 7.59644E-01
2.92212E+03, 3.35938E-01
2.92416E+03, 4.15588E-01
2.92620E+03,-5.01526E-01
2.92823E+03,-2.82349E-01
2.93027E+03, 2.33978E+00
2.93230E+03, 2.30103E-01
2.93433E+03,-1.42694E+00
2.93637E+03, 3.52661E-01
2.93840E+03,-1.06445E+00
2.94043E+03, 1.48810E+00
2.94246E+03, 1.57690E+00
2.94449E+03,-2.36499E+00
2.94652E+03,-8.37524E-01
2.94855E+03, 1.58997E-01
2.95058E+03,-3.75427E-01
2.95261E+03, 1.82581E+00
2.95464E+03, 1.07916E+00
2.95667E+03, 3.31116E-01
2.95870E+03, 6.55945E-01
2.96072E+03,-3.16589E-01
2.96275E+03,-1.42004E+00
2.96477E+03,-3.36060E-01
2.96680E+03,-1.28351E+00
2.96882E+03,-1.86139E+00
2.97085E+03, 1.13013E+00
2.97287E+03,-1.37683E+00
2.97489E+03, 2.86609E+00
2.97692E+03, 1.79077E-01
2.97894E+03,-7.38037E-01
2.98096E+03, 1.81451E+00
2.98298E+03,-8.30017E-01
2.98500E+03, 2.61414E-01
2.98702E+03,-1.11694E-02
2.98904E+03, 1.51874E+00
2.99106E+03, 1.17676E-01
2.99307E+03,-7.14478E-01
2.99509E+03, 9.88892E-01
2.99711E+03, 1.49438E+00
2.99912E+03,-7.98157E-01
3.00114E+03, 1.07788E+00
3.00315E+03,-3.10852E-01
3.00517E+03, 1.43555E+00
3.00718E+03,-1.18298E+00
3.00920E+03,-6.83228E-01
3.01121E+03,-1.81824E-01
3.01322E+03, 7.71240E-01
3.01523E+03,-8.40942E-01
3.01725E+03,-1.19080E+00
3.01926E+03, 1.24677E+00
3.02127E+03, 1.48193E-01
3.02328E+03,-7.62695E-01
3.02529E+03, 1.41357E+00
3.02729E+03,-2.06726E-01
3.02930E+03,-2.57690E-01
3.03131E+03,-1.09302E+00
3.03332E+03,-1.24084E+00
3.03532E+03,-1.38483E+00
3.03733E+03,-4.05457E-01
3.03933E+03,-3.24707E-02
3.04134E+03,-3.27332E-01
3.04334E+03, 3.83972E-01
3.04535E+03, 1.09241E+00
3.04735E+03, 3.97583E-01
3.04935E+03,-1.24451E-01
3.05136E+03, 2.42590E+00
3.05336E+03, 1.74805E+00
3.05536E+03, 5.08301E-01
3.05736E+03, 4.72961E-01
3.05936E+03,-9.24866E-01
3.06136E+03, 4.14490E-01
3.06336E+03,-3.58398E+00
3.06536E+03,-2.23364E+00
3.06735E+03,-1.11151E+00
3.06935E+03, 1.14874E+00
3.07135E+03, 1.14685E+00
3.07334E+03, 1.64893E+00
3.07534E+03,-4.50439E-02
3.07733E+03, 1.63116E+00
3.07933E+03,-1.89148E-01
3.08132E+03,-3.39600E-01
3.08332E+03,-4.87061E-01
3.08531E+03,-1.26495E+00
3.08730E+03,-2.40112E-01
3.08929E+03, 2.02057E+00
3.09129E+03, 9.83887E-01
3.09328E+03, 4.82788E-01
3.09527E+03, 1.01727E+00
3.09726E+03,-4.12659E-01
3.09925E+03,-1.50720E+00
3.10124E+03, 2.00256E-01
3.10322E+03, 1.60962E+00
3.10521E+03, 2.42090E+00
3.10720E+03, 4.67285E-01
3.10919E+03,-2.01788E+00
3.11117E+03,-7.01477E-01
3.11316E+03, 1.48334E+00
3.11514E+03,-4.30359E-01
3.11713E+03, 1.57532E-01
3.11911E+03,-2.35309E+00
3.12109E+03, 5.37659E-01
3.12308E+03, 1.29651E+00
3.12506E+03, 9.01489E-02
3.12704E+03, 3.85010E-01
3.12902E+03, 1.48120E+00
3.13100E+03, 1.57874E+00
3.13298E+03, 4.40674E-02
3.13496E+03,-1.15607E+00
3.13694E+03, 7.83081E-02
3.13892E+03, 1.39160E-02
3.14090E+03, 1.83960E-01
3.14288E+03,-6.94946E-01
3.14486E+03,-1.57269E+00
3.14683E+03,-1.33624E+00
3.14881E+03, 1.59821E+00
3.15078E+03, 2.00043E+00
3.15276E+03, 4.37134E-01
3.15473E+03, 2.08252E-01
3.15671E+03, 1.91376E+00
3.15868E+03,-1.29395E-02
3.16065E+03,-2.20532E+00
3.16263E+03, 2.67639E-01
3.16460E+03,-1.53015E+00
3.16657E+03, 7.32422E-02
3.16854E+03,-1.72229E+00
3.17051E+03, 1.68323E+00
3.17248E+03, 6.56494E-01
3.17445E+03,-1.35864E-01
3.17642E+03, 5.72815E-01
3.17839E+03, 2.49146E-01
3.18036E+03, 1.92645E+00
3.18232E+03,-1.28662E-01
3.18429E+03,-2.75470E+00
3.18626E+03, 3.86292E-01
3.18822E+03,-1.87177E+00
3.19019E+03, 2.73792E+00
3.19215E+03, 4.48547E-01
3.19412E+03, 1.60156E-01
3.19608E+03, 8.39355E-01
3.19804E+03,-2.31952E+00
3.20000E+03, 1.22144E+00
3.20197E+03,-1.73657E+00
3.20393E+03, 1.70776E-01
3.20589E+03, 1.24109E+00
3.20785E+03, 4.05273E-01
3.20981E+03,-1.29602E+00
3.21177E+03, 3.37219E-01
3.21373E+03, 1.93829E+00
3.21569E+03,-2.62616E+00
3.21764E+03, 1.03882E-01
3.21960E+03, 2.01294E-01
3.22156E+03, 8.66638E-01
3.22352E+03,-1.76678E+00
3.22547E+03, 1.63434E+00
3.22743E+03,-1.06348E+00
3.22938E+03, 8.39905E-01
3.23134E+03,-3.22266E-01
3.23329E+03,-1.01678E+00
3.23524E+03, 2.58984E+00
3.23720E+03, 1.03082E+00
3.23915E+03,-3.93860E-01
3.24110E+03, 1.94604E+00
3.24305E+03,-6.17249E-01
3.24500E+03,-8.68347E-01
3.24695E+03,-1.11865E+00
3.24890E+03,-1.37433E+00
3.25085E+03,-1.44873E+00
3.25280E+03,-1.40240E+00
3.25475E+03, 8.34351E-01
3.25669E+03,-6.93542E-01
3.25864E+03, 4.72412E-02
3.26059E+03, 4.56604E-01
3.26253E+03, 1.43451E+00
3.26448E+03, 1.54761E+00
3.26643E+03, 3.62427E-01
3.26837E+03, 3.74390E-01
3.27031E+03, 3.54065E-01
3.27226E+03, 4.02283E-01
3.27420E+03,-3.14636E-01
3.27614E+03,-1.19653E+00
3.27809E+03, 1.23169E-01
3.28003E+03,-6.55640E-01
3.28197E+03,-2.32971E-01
3.28391E+03, 7.53540E-01
3.28585E+03, 5.74768E-01
3.28779E+03,-1.90253E+00
3.28973E+03, 2.42163E+00
3.29166E+03, 5.47180E-01
3.29360E+03,-3.42596E+00
3.29554E+03, 2.02271E-01
3.29748E+03,-6.34827E-01
3.29941E+03, 2.12927E+00
3.30135E+03, 7.27966E-01
3.30328E+03,-1.43884E+00
3.30522E+03,-1.23767E+00
3.30715E+03, 7.64526E-01
3.30909E+03,-5.32104E-01
3.31102E+03, 2.37238E+00
3.31295E+03, 1.81122E+00
3.31489E+03, 1.15112E+00
3.31682E+03,-1.74561E-01
3.31875E+03,-5.32532E-01
3.32068E+03, 1.31049E+00
3.32261E+03, 9.21082E-01
3.32454E+03, 1.96600E+00
3.32647E+03, 2.87860E+00
3.32840E+03, 9.20410E-02
3.33033E+03, 2.40637E+00
3.33226E+03, 7.21741E-01
3.33418E+03, 2.30450E+00
3.33611E+03, 7.21558E-01
3.33804E+03, 1.70612E+00
3.33996E+03,-1.08459E-01
3.34189E+03, 1.71112E+00
3.34381E+03, 1.76483E+00
3.34574E+03, 2.31940E+00
3.34766E+03,-6.91956E-01
3.34958E+03, 1.79755E+00
3.35151E+03, 1.95441E+00
3.35343E+03, 7.12097E-01
3.35535E+03, 2.97052E+00
3.35727E+03, 1.52966E+00
3.35919E+03, 3.56262E-01
3.36111E+03, 9.50195E-01
3.36303E+03, 2.27826E+00
3.36495E+03, 1.20703E+00
3.36687E+03, 8.02185E-01
3.36879E+03, 1.49615E+00
3.37071E+03, 6.90857E-01
3.37262E+03, 1.45288E+00
3.37454E+03, 6.82373E-01
3.37646E+03,-8.87512E-01
3.37837E+03,-4.32336E+00
3.38029E+03, 2.27484E+00
3.38220E+03,-5.92896E-01
3.38412E+03,-1.46008E+00
3.38603E+03, 1.34015E+00
3.38794E+03, 6.34766E-03
3.38986E+03,-1.32953E+00
3.39177E+03,-5.50720E-01
3.39368E+03,-1.32037E+00
3.39559E+03,-1.19769E+00
3.39750E+03,-1.07361E+00
3.39941E+03,-1.14624E-01
3.40132E+03, 7.89185E-02
3.40323E+03, 3.07129E-01
3.40514E+03, 1.26996E+00
3.40705E+03, 1.03412E+00
3.40896E+03, 1.99945E+00
3.41087E+03, 1.29938E+00
3.41277E+03, 6.00464E-01
3.41468E+03, 2.40271E+00
3.41658E+03, 5.72754E-01
3.41849E+03,-1.95612E+00
3.42039E+03, 1.51605E+00
3.42230E+03, 1.31702E+00
3.42420E+03, 2.31818E+00
3.42611E+03, 2.88702E+00
3.42801E+03, 2.57080E-01
3.42991E+03, 4.49487E+00
3.43181E+03, 6.33728E-01
3.43372E+03, 2.07367E+00
3.43562E+03, 8.12988E-02
3.43752E+03,-1.54340E+00
3.43942E+03, 2.99622E-01
3.44132E+03,-1.25641E+00
3.44322E+03, 5.51758E-02
3.44511E+03, 1.43439E+00
3.44701E+03, 5.14526E-01
3.44891E+03,-1.03778E+00
3.45081E+03,-4.22485E-01
3.45270E+03, 2.60376E-01
3.45460E+03,-8.22571E-01
3.45649E+03,-6.04675E-01
3.45839E+03, 4.22729E-01
3.46028E+03,-4.58801E-01
3.46218E+03,-8.66577E-01
3.46407E+03, 1.27625E+00
3.46597E+03,-1.22986E+00
3.46786E+03,-1.98969E+00
3.46975E+03,-5.17822E-01
3.47164E+03, 9.43542E-01
3.47353E+03, 2.41052E+00
3.47542E+03,-2.76740E+00
3.47731E+03,-1.64050E+00
3.47920E+03, 3.57544E-01
3.48109E+03,-6.95801E-03
3.48298E+03, 8.65723E-01
3.48487E+03, 2.75269E-01
3.48676E+03, 2.62164E+00
3.48864E+03, 1.67120E+00
3.49053E+03, 5.70679E-02
3.49242E+03, 5.79163E-01
3.49430E+03, 3.33734E+00
3.49619E+03, 1.69806E+00
3.49807E+03, 9.94629E-01
3.49996E+03, 2.39355E+00
3.50184E+03,-8.36182E-03
3.50373E+03, 5.54932E-01
3.50561E+03, 1.45386E+00
3.50749E+03, 1.68835E+00
3.50937E+03, 1.92505E+00
3.51125E+03,-1.69495E-01
3.51314E+03, 4.71313E-01
3.51502E+03, 1.04736E+00
3.51690E+03,-9.08081E-01
3.51878E+03,-1.56165E+00
3.52065E+03,-5.13489E-01
3.52253E+03, 9.02954E-01
3.52441E+03, 2.32104E+00
3.52629E+03, 1.00739E+00
3.52817E+03,-4.71436E-01
3.53004E+03,-6.15417E-01
3.53192E+03, 3.42102E-01
3.53379E+03, 7.34314E-01
3.53567E+03, 1.19452E+00
3.53754E+03,-3.97723E+00
3.53942E+03, 5.17822E-01
3.54129E+03,-2.85645E-01
3.54317E+03,-6.57959E-02
3.54504E+03,-1.07996E+00
3.54691E+03,-1.34344E+00
3.54878E+03,-2.07947E-01
3.55065E+03,-1.93994E+00
3.55253E+03, 1.85809E+00
3.55440E+03, 1.31622E+00
3.55627E+03,-7.23450E-01
3.55814E+03, 1.54120E+00
3.56000E+03, 1.67670E+00
3.56187E+03,-1.88397E+00
3.56374E+03, 5.89600E-02
3.56561E+03, 2.87195E+00
3.56748E+03, 1.88110E-01
3.56934E+03,-1.06415E+00
3.57121E+03,-2.84546E-01
3.57307E+03,-2.01660E-01
3.57494E+03, 2.17529E-01
3.57680E+03,-1.49365E+00
3.57867E+03,-3.46741E-01
3.58053E+03, 2.02820E-01
3.58240E+03, 8.86841E-02
3.58426E+03,-2.89185E-01
3.58612E+03, 1.68945E-01
3.58798E+03,-4.70276E-01
3.58984E+03, 1.09290E+00
3.59170E+03, 3.25195E-01
3.59356E+03,-8.06946E-01
3.59542E+03, 9.63074E-01
3.59728E+03,-1.59814E+00
3.59914E+03, 1.77600E+00
3.60100E+03,-3.81287E-01
3.60286E+03, 1.76331E+00
3.60472E+03,-1.32361E+00
3.60657E+03, 2.39117E+00
3.60843E+03, 1.87427E+00
3.61029E+03,-6.40991E-01
3.61214E+03, 8.12073E-01
3.61400E+03, 9.66614E-01
3.61585E+03,-1.21069E+00
3.61771E+03,-8.86536E-01
3.61956E+03, 5.39001E-01
3.62142E+03, 2.89917E+00
3.62327E+03, 1.62744E+00
3.62512E+03, 1.09027E+00
3.62697E+03, 1.42108E+00
3.62882E+03, 2.15314E+00
3.63067E+03, 1.19690E-01
3.63253E+03,-5.45898E-01
3.63438E+03,-5.77026E-01
3.63623E+03,-6.95801E-03
3.63807E+03, 4.29749E+00
3.63992E+03, 2.90302E+00
3.64177E+03, 1.47632E+00
3.64362E+03, 1.18396E+00
3.64547E+03,-7.38525E-03
3.64731E+03, 8.35571E-01
3.64916E+03, 3.11285E+00
3.65101E+03, 9.91150E-01
3.65285E+03, 3.13702E+00
3.65470E+03, 2.21716E+00
3.65654E+03, 2.86487E+00
3.65838E+03, 1.01349E+00
3.66023E+03, 3.36298E+00
3.66207E+03, 1.41339E+00
3.66391E+03, 3.69794E+00
3.66576E+03, 4.31671E+00
3.66760E+03, 1.76959E+00
3.66944E+03, 2.42334E+00
3.67128E+03, 3.51117E+00
3.67312E+03, 3.16650E+00
3.67496E+03, 3.05603E+00
3.67680E+03, 7.12830E-01
3.67864E+03, 4.33722E+00
3.68048E+03, 3.22900E+00
3.68231E+03, 3.12152E+00
3.68415E+03, 4.41473E+00
3.68599E+03, 5.27539E+00
3.68782E+03, 4.97003E+00
3.68966E+03, 5.23218E+00
3.69150E+03, 4.12823E+00
3.69333E+03, 1.59167E+00
3.69517E+03, 4.55585E+00
3.69700E+03, 3.58746E+00
3.69883E+03, 4.21960E+00
3.70067E+03, 5.31915E+00
3.70250E+03, 3.81934E+00
3.70433E+03, 5.85352E+00
3.70617E+03, 5.28839E+00
3.70800E+03, 6.25720E+00
3.70983E+03, 5.19336E+00
3.71166E+03, 2.19678E+00
3.71349E+03, 4.10083E+00
3.71532E+03, 7.93884E+00
3.71715E+03, 6.37744E+00
3.71898E+03, 2.45007E+00
3.72080E+03, 4.05658E+00
3.72263E+03, 7.66376E+00
3.72446E+03, 8.07141E+00
3.72629E+03, 4.47980E+00
3.72811E+03, 5.68872E+00
3.72994E+03, 4.33160E+00
3.73176E+03, 5.04169E+00
3.73359E+03, 3.68567E+00
3.73541E+03, 5.49695E+00
3.73724E+03, 5.60876E+00
3.73906E+03, 3.92120E+00
3.74088E+03, 5.03412E+00
3.74271E+03, 3.38104E+00
3.74453E+03, 3.66180E+00
3.74635E+03, 4.30975E+00
3.74817E+03, 6.32501E+00
3.74999E+03, 7.50739E+00
3.75181E+03, 5.62372E+00
3.75363E+03, 6.24054E+00
3.75545E+03, 6.39130E+00
3.75727E+03, 4.80933E+00
3.75909E+03, 6.72778E+00
3.76091E+03, 4.98016E+00
3.76273E+03, 7.39966E+00
3.76455E+03, 6.65314E+00
3.76636E+03, 5.27380E+00
3.76818E+03, 1.05949E+01
3.76999E+03, 8.61664E+00
3.77181E+03, 8.13892E+00
3.77362E+03, 7.62836E+00
3.77544E+03, 7.61829E+00
3.77725E+03, 8.54205E+00
3.77907E+03, 7.86639E+00
3.78088E+03, 8.05786E+00
3.78269E+03, 8.24994E+00
3.78451E+03, 9.30914E+00
3.78632E+03, 9.33557E+00
3.78813E+03, 7.99579E+00
3.78994E+03, 9.42322E+00
3.79175E+03, 1.12512E+01
3.79356E+03, 9.84637E+00
3.79537E+03, 9.87531E+00
3.79718E+03, 9.80481E+00
3.79899E+03, 7.73480E+00
3.80080E+03, 1.07320E+01
3.80260E+03, 9.16302E+00
3.80441E+03, 7.49457E+00
3.80622E+03, 7.12665E+00
3.80802E+03, 8.85919E+00
3.80983E+03, 6.62561E+00
